#
# There is insufficient memory for the Java Runtime Environment to continue.
# Native memory allocation (mmap) failed to map 333447168 bytes. Error detail: G1 virtual space
# Possible reasons:
#   The system is out of physical RAM or swap space
#   This process is running with CompressedOops enabled, and the Java Heap may be blocking the growth of the native heap
# Possible solutions:
#   Reduce memory load on the system
#   Increase physical memory or swap space
#   Check if swap backing store is full
#   Decrease Java heap size (-Xmx/-Xms)
#   Decrease number of Java threads
#   Decrease Java thread stack sizes (-Xss)
#   Set larger code cache with -XX:ReservedCodeCacheSize=
#   JVM is running with Unscaled Compressed Oops mode in which the Java heap is
#     placed in the first 4GB address space. The Java Heap base address is the
#     maximum limit for the native heap growth. Please use -XX:HeapBaseMinAddress
#     to set the Java Heap base and to place the Java Heap above 4GB virtual address.
# This output file may be truncated or incomplete.
#
#  Out of Memory Error (os_windows.cpp:3710), pid=21140, tid=2792
#
# JRE version: OpenJDK Runtime Environment Microsoft-10800295 (17.0.14+7) (build 17.0.14+7-LTS)
# Java VM: OpenJDK 64-Bit Server VM Microsoft-10800295 (17.0.14+7-LTS, mixed mode, sharing, tiered, compressed oops, compressed class ptrs, g1 gc, windows-amd64)
# No core dump will be written. Minidumps are not enabled by default on client versions of Windows
#

---------------  S U M M A R Y ------------

Command Line: --add-opens=java.base/java.lang=ALL-UNNAMED --add-opens=java.base/java.lang.invoke=ALL-UNNAMED --add-opens=java.base/java.util=ALL-UNNAMED --add-opens=java.prefs/java.util.prefs=ALL-UNNAMED --add-exports=jdk.compiler/com.sun.tools.javac.api=ALL-UNNAMED --add-exports=jdk.compiler/com.sun.tools.javac.util=ALL-UNNAMED --add-opens=java.base/java.util=ALL-UNNAMED --add-opens=java.prefs/java.util.prefs=ALL-UNNAMED --add-opens=java.base/java.nio.charset=ALL-UNNAMED --add-opens=java.base/java.net=ALL-UNNAMED --add-opens=java.base/java.util.concurrent=ALL-UNNAMED --add-opens=java.base/java.util.concurrent.atomic=ALL-UNNAMED --add-opens=java.xml/javax.xml.namespace=ALL-UNNAMED --add-opens=java.base/java.time=ALL-UNNAMED -XX:MaxMetaspaceSize=512m -Xmx2048m -Dfile.encoding=windows-1252 -Duser.country=BR -Duser.language=pt -Duser.variant -javaagent:C:\Users\87284\.gradle\wrapper\dists\gradle-9.3.1-bin\23ovyewtku6u96viwx3xl3oks\gradle-9.3.1\lib\agents\gradle-instrumentation-agent-9.3.1.jar org.gradle.launcher.daemon.bootstrap.GradleDaemon 9.3.1

Host: 11th Gen Intel(R) Core(TM) i5-1135G7 @ 2.40GHz, 8 cores, 7G,  Windows 11 , 64 bit Build 26100 (10.0.26100.8521)
Time: Tue Jun  9 20:23:15 2026 Hora oficial do Brasil elapsed time: 158.448502 seconds (0d 0h 2m 38s)

---------------  T H R E A D  ---------------

Current thread (0x000001773b2d74c0):  VMThread "VM Thread" [stack: 0x0000002705700000,0x0000002705800000] [id=2792]

Stack: [0x0000002705700000,0x0000002705800000]
Native frames: (J=compiled Java code, j=interpreted, Vv=VM code, C=native code)
V  [jvm.dll+0x6886b9]
V  [jvm.dll+0x83f6f8]
V  [jvm.dll+0x8411a3]
V  [jvm.dll+0x841813]
V  [jvm.dll+0x2495cf]
V  [jvm.dll+0x6855f9]
V  [jvm.dll+0x679a8a]
V  [jvm.dll+0x30afc7]
V  [jvm.dll+0x312536]
V  [jvm.dll+0x362eee]
V  [jvm.dll+0x36312d]
V  [jvm.dll+0x2e225c]
V  [jvm.dll+0x2e0609]
V  [jvm.dll+0x2dfd6c]
V  [jvm.dll+0x32291b]
V  [jvm.dll+0x84604d]
V  [jvm.dll+0x846d83]
V  [jvm.dll+0x8472af]
V  [jvm.dll+0x847694]
V  [jvm.dll+0x84775e]
V  [jvm.dll+0x7ef2
V  [jvm.dll+0x687597]
C  [ucrtbase.dll+0x2cd30]
C  [KERNEL32.DLL+0x2e957]
C  [ntdll.dll+0x87c1c]

VM_Operation (0x000000270aafd6f0): G1CollectForAllocation, mode: safepoint, requested by thread 0x000001776778a4e0


---------------  P R O C E S S  ---------------

Threads class SMR info:
_java_thread_list=0x000001776ab8f210, length=171, elements={
0x000001771d5a81b0, 0x000001773b2da4a0, 0x000001773b2daf70, 0x000001773b2f93e0,
0x000001773b2f9cb0, 0x000001773b2fc590, 0x000001773b2fce60, 0x000001773b2ffa70,
0x000001773ba90dd0, 0x000001773ba996f0, 0x000001773b2c63a0, 0x000001773bc32170,
0x000001775c8b9260, 0x000001775bbdb4f0, 0x000001775c06b0e0, 0x000001773bbbc5b0,
0x000001775c3428f0, 0x000001775be0da50, 0x000001773bddbaa0, 0x000001773bdda150,
0x000001773bddab70, 0x000001773bdda660, 0x000001773bddb590, 0x000001773bddb080,
0x000001773bdd82f0, 0x000001773bdd9730, 0x000001773bdd8800, 0x000001773bdd8d10,
0x000001773bdd9220, 0x000001773bdd9c40, 0x000001775e44a070, 0x000001775e44afa0,
0x000001775e44a580, 0x000001775e449b60, 0x000001775e44c8f0, 0x000001775e449140,
0x000001775e44b4b0, 0x000001775e44bed0, 0x000001775e44ce00, 0x000001775e449650,
0x000001775e44ec60, 0x000001775e44dd30, 0x000001775e44e240, 0x000001775e44d310,
0x000001775e44d820, 0x000001775e44e750, 0x000001775e44f170, 0x000001775e44b9c0,
0x000001775e44f680, 0x000001775e44fb90, 0x000001775e4500a0, 0x000001775e4505b0,
0x000001775e450ac0, 0x000001775e34b950, 0x000001775e34c370, 0x000001775e34a000,
0x000001775e34a510, 0x000001775e3495e0, 0x000001775e34aa20, 0x000001775e34be60,
0x000001775e34c880, 0x000001775e34cd90, 0x000001775e34af30, 0x000001775e34e1d0,
0x000001775e34e6e0, 0x000001775e34ebf0, 0x000001775e34b440, 0x000001775e34f610,
0x000001775e350030, 0x0000017761ad44a0, 0x0000017761ad49b0, 0x0000017761ad4ec0,
0x0000017761ad6300, 0x0000017761ad6810, 0x0000017761ad3060, 0x0000017761ad6d20,
0x0000017761ad3f90, 0x0000017761ad3a80, 0x0000017761ad3570, 0x0000017761ad8b80,
0x0000017761ad7230, 0x0000017761ad8160, 0x0000017761ad7740, 0x0000017761ad7c50,
0x0000017761ad8670, 0x0000017761ad53d0, 0x0000017761ad9090, 0x0000017761ad58e0,
0x0000017761ad95a0, 0x0000017761ad5df0, 0x0000017761ad9ab0, 0x0000017761ad9fc0,
0x0000017761ada4d0, 0x0000017761ada9e0, 0x000001775d3b1b70, 0x000001775d3b34c0,
0x000001775d3b2080, 0x000001775d3b1150, 0x000001775d3b1660, 0x000001775d3b0c40,
0x000001775d3afd10, 0x000001775d3b2590, 0x000001775d3b2fb0, 0x000001775d3b2aa0,
0x000001775d3b39d0, 0x000001775d3b0730, 0x000001775d3b0220, 0x000001775d3b6760,
0x000001775d3b7690, 0x000001775d3b43f0, 0x000001775d3b5830, 0x000001775d3b4e10,
0x000001775d3b4900, 0x000001775d3b5320, 0x000001775d3b3ee0, 0x000001775d3b7180,
0x000001775d3b5d40, 0x000001775d3b6250, 0x000001775d3b6c70, 0x000001775d15b810,
0x000001775d1599b0, 0x000001775d158060, 0x000001775d15adf0, 0x000001775d159ec0,
0x000001775d15a3d0, 0x000001775d15b300, 0x000001775d15bd20, 0x000001775d158570,
0x000001775d158a80, 0x000001775d15c230, 0x000001775d15c740, 0x000001775d158f90,
0x000001775d15cc50, 0x000001775d1594a0, 0x000001775d15d160, 0x000001775d15e090,
0x000001775d15d670, 0x000001775d15f9e0, 0x000001775d15db80, 0x000001775e0b85c0,
0x000001775e0b5320, 0x000001775e0b5830, 0x000001775e0bbd70, 0x000001775e0bc280,
0x000001775e0bae40, 0x000001775e34dcc0, 0x0000017761a83350, 0x0000017761a82930,
0x0000017761a83d70, 0x0000017761a83860, 0x0000017761a82420, 0x0000017761a84280,
0x0000017761a82e40, 0x0000017761a814f0, 0x0000017761a856c0, 0x0000017761a81a00,
0x0000017761a81f10, 0x0000017761a87520, 0x0000017761a88450, 0x0000017761a87010,
0x00000177677accd0, 0x000001776778a4e0, 0x0000017775f11c70, 0x0000017766c4d440,
0x0000017761a88960, 0x000001776ce27580, 0x0000017766c4d950, 0x000001776ce27a90,
0x000001776ce27fa0, 0x0000017766455940, 0x0000017766c501d0
}

Java Threads: ( => current thread )
  0x000001771d5a81b0 JavaThread "main" [_thread_blocked, id=24436, stack(0x0000002705100000,0x0000002705200000)]
  0x000001773b2da4a0 JavaThread "Reference Handler" daemon [_thread_blocked, id=20484, stack(0x0000002705800000,0x0000002705900000)]
  0x000001773b2daf70 JavaThread "Finalizer" daemon [_thread_blocked, id=8864, stack(0x0000002705900000,0x0000002705a00000)]
  0x000001773b2f93e0 JavaThread "Signal Dispatcher" daemon [_thread_blocked, id=23608, stack(0x0000002705a00000,0x0000002705b00000)]
  0x000001773b2f9cb0 JavaThread "Attach Listener" daemon [_thread_blocked, id=22320, stack(0x0000002705b00000,0x0000002705c00000)]
  0x000001773b2fc590 JavaThread "Service Thread" daemon [_thread_blocked, id=11808, stack(0x0000002705c00000,0x0000002705d00000)]
  0x000001773b2fce60 JavaThread "Monitor Deflation Thread" daemon [_thread_blocked, id=9444, stack(0x0000002705d00000,0x0000002705e00000)]
  0x000001773b2ffa70 JavaThread "C2 CompilerThread0" daemon [_thread_blocked, id=22808, stack(0x0000002705e00000,0x0000002705f00000)]
  0x000001773ba90dd0 JavaThread "C1 CompilerThread0" daemon [_thread_blocked, id=4472, stack(0x0000002705f00000,0x0000002706000000)]
  0x000001773ba996f0 JavaThread "Sweeper thread" daemon [_thread_blocked, id=6332, stack(0x0000002706000000,0x0000002706100000)]
  0x000001773b2c63a0 JavaThread "Common-Cleaner" daemon [_thread_blocked, id=21648, stack(0x0000002706100000,0x0000002706200000)]
  0x000001773bc32170 JavaThread "Notification Thread" daemon [_thread_blocked, id=17776, stack(0x0000002706200000,0x0000002706300000)]
  0x000001775c8b9260 JavaThread "Daemon health stats" [_thread_blocked, id=11668, stack(0x0000002706900000,0x0000002706a00000)]
  0x000001775bbdb4f0 JavaThread "Incoming local TCP Connector on port 62793" [_thread_in_native, id=22420, stack(0x0000002706a00000,0x0000002706b00000)]
  0x000001775c06b0e0 JavaThread "Daemon periodic checks" [_thread_blocked, id=19120, stack(0x0000002706b00000,0x0000002706c00000)]
  0x000001773bbbc5b0 JavaThread "Daemon" [_thread_blocked, id=19644, stack(0x0000002706d00000,0x0000002706e00000)]
  0x000001775c3428f0 JavaThread "Handler for socket connection from /127.0.0.1:62793 to /127.0.0.1:62794" [_thread_in_native, id=18172, stack(0x0000002706e00000,0x0000002706f00000)]
  0x000001775be0da50 JavaThread "Cancel handler" [_thread_blocked, id=15688, stack(0x0000002706c00000,0x0000002706d00000)]
  0x000001773bddbaa0 JavaThread "Daemon worker" [_thread_blocked, id=20796, stack(0x0000002706f00000,0x0000002707000000)]
  0x000001773bdda150 JavaThread "Asynchronous log dispatcher for DefaultDaemonConnection: socket connection from /127.0.0.1:62793 to /127.0.0.1:62794" [_thread_blocked, id=22044, stack(0x0000002707000000,0x0000002707100000)]
  0x000001773bddab70 JavaThread "Stdin handler" [_thread_blocked, id=9996, stack(0x0000002707100000,0x0000002707200000)]
  0x000001773bdda660 JavaThread "Daemon client event forwarder" [_thread_blocked, id=16688, stack(0x0000002707200000,0x0000002707300000)]
  0x000001773bddb590 JavaThread "Cache worker for journal cache (C:\Users\87284\.gradle\caches\journal-1)" [_thread_blocked, id=11784, stack(0x0000002707300000,0x0000002707400000)]
  0x000001773bddb080 JavaThread "File lock request listener" [_thread_in_native, id=13084, stack(0x0000002707400000,0x0000002707500000)]
  0x000001773bdd82f0 JavaThread "Cache worker for file hash cache (C:\Users\87284\.gradle\caches\9.3.1\fileHashes)" [_thread_blocked, id=10632, stack(0x0000002707600000,0x0000002707700000)]
  0x000001773bdd9730 JavaThread "File lock release action executor" [_thread_blocked, id=20780, stack(0x0000002707700000,0x0000002707800000)]
  0x000001773bdd8800 JavaThread "Cache worker for file hash cache (C:\Users\87284\Documents\IndoorPlayer\android\.gradle\9.3.1\fileHashes)" [_thread_blocked, id=10924, stack(0x0000002707b00000,0x0000002707c00000)]
  0x000001773bdd8d10 JavaThread "Cache worker for Build Output Cleanup Cache (C:\Users\87284\Documents\IndoorPlayer\android\.gradle\buildOutputCleanup)" [_thread_blocked, id=17064, stack(0x0000002707c00000,0x0000002707d00000)]
  0x000001773bdd9220 JavaThread "File watcher server" daemon [_thread_blocked, id=20028, stack(0x0000002707d00000,0x0000002707e00000)]
  0x000001773bdd9c40 JavaThread "File watcher consumer" daemon [_thread_blocked, id=14876, stack(0x0000002707e00000,0x0000002707f00000)]
  0x000001775e44a070 JavaThread "Cache worker for checksums cache (C:\Users\87284\Documents\IndoorPlayer\android\.gradle\9.3.1\checksums)" [_thread_blocked, id=19648, stack(0x0000002707a00000,0x0000002707b00000)]
  0x000001775e44afa0 JavaThread "Cache worker for file content cache (C:\Users\87284\.gradle\caches\9.3.1\fileContent)" [_thread_blocked, id=15316, stack(0x0000002707f00000,0x0000002708000000)]
  0x000001775e44a580 JavaThread "Cache worker for cache directory md-supplier (C:\Users\87284\.gradle\caches\9.3.1\md-supplier)" [_thread_blocked, id=18132, stack(0x0000002708100000,0x0000002708200000)]
  0x000001775e449b60 JavaThread "Cache worker for cache directory md-rule (C:\Users\87284\.gradle\caches\9.3.1\md-rule)" [_thread_blocked, id=548, stack(0x0000002708200000,0x0000002708300000)]
  0x000001775e44c8f0 JavaThread "jar transforms" [_thread_blocked, id=9952, stack(0x0000002708000000,0x0000002708100000)]
  0x000001775e449140 JavaThread "Cache worker for Build Output Cleanup Cache (C:\Users\87284\Documents\IndoorPlayer\node_modules\@react-native\gradle-plugin\.gradle\buildOutputCleanup)" [_thread_blocked, id=16528, stack(0x0000002708500000,0x0000002708600000)]
  0x000001775e44b4b0 JavaThread "Unconstrained build operations" [_thread_blocked, id=7940, stack(0x0000002708600000,0x0000002708700000)]
  0x000001775e44bed0 JavaThread "Unconstrained build operations Thread 2" [_thread_blocked, id=23416, stack(0x0000002708700000,0x0000002708800000)]
  0x000001775e44ce00 JavaThread "Unconstrained build operations Thread 3" [_thread_blocked, id=23820, stack(0x0000002708400000,0x0000002708500000)]
  0x000001775e449650 JavaThread "Unconstrained build operations Thread 4" [_thread_blocked, id=6412, stack(0x0000002708900000,0x0000002708a00000)]
  0x000001775e44ec60 JavaThread "Unconstrained build operations Thread 5" [_thread_blocked, id=21128, stack(0x0000002708a00000,0x0000002708b00000)]
  0x000001775e44dd30 JavaThread "Unconstrained build operations Thread 6" [_thread_blocked, id=8456, stack(0x0000002708b00000,0x0000002708c00000)]
  0x000001775e44e240 JavaThread "Unconstrained build operations Thread 7" [_thread_blocked, id=21208, stack(0x0000002708c00000,0x0000002708d00000)]
  0x000001775e44d310 JavaThread "Unconstrained build operations Thread 8" [_thread_blocked, id=15904, stack(0x0000002708d00000,0x0000002708e00000)]
  0x000001775e44d820 JavaThread "Unconstrained build operations Thread 9" [_thread_blocked, id=12672, stack(0x0000002708e00000,0x0000002708f00000)]
  0x000001775e44e750 JavaThread "Unconstrained build operations Thread 10" [_thread_blocked, id=8900, stack(0x0000002708f00000,0x0000002709000000)]
  0x000001775e44f170 JavaThread "Unconstrained build operations Thread 11" [_thread_blocked, id=11540, stack(0x0000002709000000,0x0000002709100000)]
  0x000001775e44b9c0 JavaThread "Unconstrained build operations Thread 12" [_thread_blocked, id=3700, stack(0x0000002709100000,0x0000002709200000)]
  0x000001775e44f680 JavaThread "Unconstrained build operations Thread 13" [_thread_blocked, id=22816, stack(0x0000002709200000,0x0000002709300000)]
  0x000001775e44fb90 JavaThread "Unconstrained build operations Thread 14" [_thread_blocked, id=21496, stack(0x0000002709300000,0x0000002709400000)]
  0x000001775e4500a0 JavaThread "Unconstrained build operations Thread 15" [_thread_blocked, id=24320, stack(0x0000002709400000,0x0000002709500000)]
  0x000001775e4505b0 JavaThread "Unconstrained build operations Thread 16" [_thread_blocked, id=9432, stack(0x0000002709500000,0x0000002709600000)]
  0x000001775e450ac0 JavaThread "Unconstrained build operations Thread 17" [_thread_blocked, id=13820, stack(0x0000002709600000,0x0000002709700000)]
  0x000001775e34b950 JavaThread "Unconstrained build operations Thread 18" [_thread_blocked, id=21608, stack(0x0000002709700000,0x0000002709800000)]
  0x000001775e34c370 JavaThread "Unconstrained build operations Thread 19" [_thread_blocked, id=8764, stack(0x0000002709800000,0x0000002709900000)]
  0x000001775e34a000 JavaThread "Unconstrained build operations Thread 20" [_thread_blocked, id=18952, stack(0x0000002709900000,0x0000002709a00000)]
  0x000001775e34a510 JavaThread "Unconstrained build operations Thread 21" [_thread_blocked, id=4020, stack(0x0000002709a00000,0x0000002709b00000)]
  0x000001775e3495e0 JavaThread "Unconstrained build operations Thread 22" [_thread_blocked, id=23400, stack(0x0000002709b00000,0x0000002709c00000)]
  0x000001775e34aa20 JavaThread "Unconstrained build operations Thread 23" [_thread_blocked, id=5224, stack(0x0000002709c00000,0x0000002709d00000)]
  0x000001775e34be60 JavaThread "Unconstrained build operations Thread 24" [_thread_blocked, id=4160, stack(0x0000002709d00000,0x0000002709e00000)]
  0x000001775e34c880 JavaThread "build event listener" [_thread_blocked, id=14652, stack(0x0000002708800000,0x0000002708900000)]
  0x000001775e34cd90 JavaThread "Memory manager" [_thread_blocked, id=18584, stack(0x0000002708300000,0x0000002708400000)]
  0x000001775e34af30 JavaThread "Problems report writer" [_thread_blocked, id=8212, stack(0x0000002709f00000,0x000000270a000000)]
  0x000001775e34e1d0 JavaThread "ForkJoinPool.commonPool-worker-1" daemon [_thread_blocked, id=24232, stack(0x000000270a300000,0x000000270a400000)]
  0x000001775e34e6e0 JavaThread "ForkJoinPool.commonPool-worker-2" daemon [_thread_blocked, id=7908, stack(0x000000270a400000,0x000000270a500000)]
  0x000001775e34ebf0 JavaThread "ForkJoinPool.commonPool-worker-3" daemon [_thread_blocked, id=2728, stack(0x000000270a500000,0x000000270a600000)]
  0x000001775e34b440 JavaThread "ForkJoinPool.commonPool-worker-4" daemon [_thread_blocked, id=3460, stack(0x000000270a600000,0x000000270a700000)]
  0x000001775e34f610 JavaThread "ForkJoinPool.commonPool-worker-6" daemon [_thread_blocked, id=18636, stack(0x000000270a800000,0x000000270a900000)]
  0x000001775e350030 JavaThread "ForkJoinPool.commonPool-worker-7" daemon [_thread_blocked, id=21912, stack(0x000000270a900000,0x000000270aa00000)]
  0x0000017761ad44a0 JavaThread "included builds" [_thread_blocked, id=20520, stack(0x000000270a200000,0x000000270a300000)]
  0x0000017761ad49b0 JavaThread "Execution worker" [_thread_blocked, id=8392, stack(0x000000270ad00000,0x000000270ae00000)]
  0x0000017761ad4ec0 JavaThread "Execution worker Thread 2" [_thread_blocked, id=6964, stack(0x000000270ae00000,0x000000270af00000)]
  0x0000017761ad6300 JavaThread "Execution worker Thread 3" [_thread_blocked, id=23048, stack(0x000000270af00000,0x000000270b000000)]
  0x0000017761ad6810 JavaThread "Execution worker Thread 4" [_thread_blocked, id=17200, stack(0x000000270b000000,0x000000270b100000)]
  0x0000017761ad3060 JavaThread "Execution worker Thread 5" [_thread_blocked, id=22340, stack(0x000000270b100000,0x000000270b200000)]
  0x0000017761ad6d20 JavaThread "Execution worker Thread 6" [_thread_blocked, id=24556, stack(0x000000270b200000,0x000000270b300000)]
  0x0000017761ad3f90 JavaThread "Execution worker Thread 7" [_thread_blocked, id=20692, stack(0x000000270b300000,0x000000270b400000)]
  0x0000017761ad3a80 JavaThread "Cache worker for execution history cache (C:\Users\87284\Documents\IndoorPlayer\node_modules\@react-native\gradle-plugin\.gradle\9.3.1\executionHistory)" [_thread_blocked, id=20988, stack(0x000000270b400000,0x000000270b500000)]
  0x0000017761ad3570 JavaThread "Unconstrained build operations Thread 25" [_thread_blocked, id=20168, stack(0x000000270b500000,0x000000270b600000)]
  0x0000017761ad8b80 JavaThread "Unconstrained build operations Thread 26" [_thread_blocked, id=5360, stack(0x000000270b600000,0x000000270b700000)]
  0x0000017761ad7230 JavaThread "Unconstrained build operations Thread 27" [_thread_blocked, id=21712, stack(0x000000270b700000,0x000000270b800000)]
  0x0000017761ad8160 JavaThread "Unconstrained build operations Thread 28" [_thread_blocked, id=17384, stack(0x000000270b800000,0x000000270b900000)]
  0x0000017761ad7740 JavaThread "Unconstrained build operations Thread 29" [_thread_blocked, id=13584, stack(0x000000270b900000,0x000000270ba00000)]
  0x0000017761ad7c50 JavaThread "Unconstrained build operations Thread 30" [_thread_blocked, id=18092, stack(0x000000270ba00000,0x000000270bb00000)]
  0x0000017761ad8670 JavaThread "Unconstrained build operations Thread 31" [_thread_blocked, id=6220, stack(0x000000270bb00000,0x000000270bc00000)]
  0x0000017761ad53d0 JavaThread "Unconstrained build operations Thread 32" [_thread_blocked, id=21136, stack(0x0000002709e00000,0x0000002709f00000)]
  0x0000017761ad9090 JavaThread "Unconstrained build operations Thread 33" [_thread_blocked, id=8196, stack(0x000000270bc00000,0x000000270bd00000)]
  0x0000017761ad58e0 JavaThread "Unconstrained build operations Thread 34" [_thread_blocked, id=2392, stack(0x000000270bd00000,0x000000270be00000)]
  0x0000017761ad95a0 JavaThread "Unconstrained build operations Thread 35" [_thread_blocked, id=20200, stack(0x000000270be00000,0x000000270bf00000)]
  0x0000017761ad5df0 JavaThread "Unconstrained build operations Thread 36" [_thread_blocked, id=8480, stack(0x000000270bf00000,0x000000270c000000)]
  0x0000017761ad9ab0 JavaThread "Unconstrained build operations Thread 37" [_thread_blocked, id=23024, stack(0x000000270c000000,0x000000270c100000)]
  0x0000017761ad9fc0 JavaThread "Unconstrained build operations Thread 38" [_thread_blocked, id=19800, stack(0x000000270c100000,0x000000270c200000)]
  0x0000017761ada4d0 JavaThread "Unconstrained build operations Thread 39" [_thread_blocked, id=19144, stack(0x000000270c200000,0x000000270c300000)]
  0x0000017761ada9e0 JavaThread "Unconstrained build operations Thread 40" [_thread_blocked, id=24064, stack(0x000000270c300000,0x000000270c400000)]
  0x000001775d3b1b70 JavaThread "Unconstrained build operations Thread 41" [_thread_blocked, id=7124, stack(0x000000270c400000,0x000000270c500000)]
  0x000001775d3b34c0 JavaThread "Unconstrained build operations Thread 42" [_thread_blocked, id=15528, stack(0x000000270c500000,0x000000270c600000)]
  0x000001775d3b2080 JavaThread "Unconstrained build operations Thread 43" [_thread_blocked, id=14816, stack(0x000000270c600000,0x000000270c700000)]
  0x000001775d3b1150 JavaThread "Unconstrained build operations Thread 44" [_thread_blocked, id=1308, stack(0x000000270c700000,0x000000270c800000)]
  0x000001775d3b1660 JavaThread "Unconstrained build operations Thread 45" [_thread_blocked, id=8772, stack(0x000000270c800000,0x000000270c900000)]
  0x000001775d3b0c40 JavaThread "Unconstrained build operations Thread 46" [_thread_blocked, id=7508, stack(0x000000270ca00000,0x000000270cb00000)]
  0x000001775d3afd10 JavaThread "Unconstrained build operations Thread 47" [_thread_blocked, id=16080, stack(0x000000270cb00000,0x000000270cc00000)]
  0x000001775d3b2590 JavaThread "Unconstrained build operations Thread 48" [_thread_blocked, id=17872, stack(0x000000270cc00000,0x000000270cd00000)]
  0x000001775d3b2fb0 JavaThread "Unconstrained build operations Thread 49" [_thread_blocked, id=22032, stack(0x000000270cd00000,0x000000270ce00000)]
  0x000001775d3b2aa0 JavaThread "Unconstrained build operations Thread 50" [_thread_blocked, id=12764, stack(0x000000270ce00000,0x000000270cf00000)]
  0x000001775d3b39d0 JavaThread "Unconstrained build operations Thread 51" [_thread_blocked, id=15596, stack(0x000000270cf00000,0x000000270d000000)]
  0x000001775d3b0730 JavaThread "Unconstrained build operations Thread 52" [_thread_blocked, id=1580, stack(0x000000270d000000,0x000000270d100000)]
  0x000001775d3b0220 JavaThread "Unconstrained build operations Thread 53" [_thread_blocked, id=19188, stack(0x000000270d100000,0x000000270d200000)]
  0x000001775d3b6760 JavaThread "Unconstrained build operations Thread 54" [_thread_blocked, id=2944, stack(0x000000270d200000,0x000000270d300000)]
  0x000001775d3b7690 JavaThread "Unconstrained build operations Thread 55" [_thread_blocked, id=14540, stack(0x000000270d300000,0x000000270d400000)]
  0x000001775d3b43f0 JavaThread "Unconstrained build operations Thread 56" [_thread_blocked, id=22812, stack(0x000000270d400000,0x000000270d500000)]
  0x000001775d3b5830 JavaThread "Unconstrained build operations Thread 57" [_thread_blocked, id=16520, stack(0x000000270d500000,0x000000270d600000)]
  0x000001775d3b4e10 JavaThread "Unconstrained build operations Thread 58" [_thread_blocked, id=20960, stack(0x000000270d600000,0x000000270d700000)]
  0x000001775d3b4900 JavaThread "Unconstrained build operations Thread 59" [_thread_blocked, id=13200, stack(0x000000270d700000,0x000000270d800000)]
  0x000001775d3b5320 JavaThread "Unconstrained build operations Thread 60" [_thread_blocked, id=11008, stack(0x000000270d800000,0x000000270d900000)]
  0x000001775d3b3ee0 JavaThread "Unconstrained build operations Thread 61" [_thread_blocked, id=22604, stack(0x000000270c900000,0x000000270ca00000)]
  0x000001775d3b7180 JavaThread "Unconstrained build operations Thread 62" [_thread_blocked, id=23468, stack(0x000000270d900000,0x000000270da00000)]
  0x000001775d3b5d40 JavaThread "Unconstrained build operations Thread 63" [_thread_blocked, id=17804, stack(0x000000270da00000,0x000000270db00000)]
  0x000001775d3b6250 JavaThread "Unconstrained build operations Thread 64" [_thread_blocked, id=12140, stack(0x000000270db00000,0x000000270dc00000)]
  0x000001775d3b6c70 JavaThread "Unconstrained build operations Thread 65" [_thread_blocked, id=20440, stack(0x000000270dc00000,0x000000270dd00000)]
  0x000001775d15b810 JavaThread "Unconstrained build operations Thread 66" [_thread_blocked, id=4344, stack(0x000000270dd00000,0x000000270de00000)]
  0x000001775d1599b0 JavaThread "Unconstrained build operations Thread 67" [_thread_blocked, id=8416, stack(0x000000270de00000,0x000000270df00000)]
  0x000001775d158060 JavaThread "Unconstrained build operations Thread 68" [_thread_blocked, id=22096, stack(0x000000270df00000,0x000000270e000000)]
  0x000001775d15adf0 JavaThread "Unconstrained build operations Thread 69" [_thread_blocked, id=23084, stack(0x000000270e000000,0x000000270e100000)]
  0x000001775d159ec0 JavaThread "Unconstrained build operations Thread 70" [_thread_blocked, id=13252, stack(0x000000270e100000,0x000000270e200000)]
  0x000001775d15a3d0 JavaThread "Unconstrained build operations Thread 71" [_thread_blocked, id=3932, stack(0x000000270e200000,0x000000270e300000)]
  0x000001775d15b300 JavaThread "Unconstrained build operations Thread 72" [_thread_blocked, id=14444, stack(0x000000270e300000,0x000000270e400000)]
  0x000001775d15bd20 JavaThread "Unconstrained build operations Thread 73" [_thread_blocked, id=10700, stack(0x000000270e400000,0x000000270e500000)]
  0x000001775d158570 JavaThread "Unconstrained build operations Thread 74" [_thread_blocked, id=17616, stack(0x000000270e500000,0x000000270e600000)]
  0x000001775d158a80 JavaThread "jar transforms Thread 2" [_thread_blocked, id=21340, stack(0x000000270e600000,0x000000270e700000)]
  0x000001775d15c230 JavaThread "jar transforms Thread 3" [_thread_blocked, id=2460, stack(0x000000270e700000,0x000000270e800000)]
  0x000001775d15c740 JavaThread "Unconstrained build operations Thread 75" [_thread_blocked, id=19420, stack(0x000000270e900000,0x000000270ea00000)]
  0x000001775d158f90 JavaThread "Unconstrained build operations Thread 76" [_thread_blocked, id=24100, stack(0x000000270ea00000,0x000000270eb00000)]
  0x000001775d15cc50 JavaThread "Unconstrained build operations Thread 77" [_thread_blocked, id=21724, stack(0x000000270eb00000,0x000000270ec00000)]
  0x000001775d1594a0 JavaThread "Unconstrained build operations Thread 78" [_thread_blocked, id=20752, stack(0x000000270ec00000,0x000000270ed00000)]
  0x000001775d15d160 JavaThread "Unconstrained build operations Thread 79" [_thread_blocked, id=22308, stack(0x000000270ed00000,0x000000270ee00000)]
  0x000001775d15e090 JavaThread "Unconstrained build operations Thread 80" [_thread_blocked, id=16264, stack(0x000000270ee00000,0x000000270ef00000)]
  0x000001775d15d670 JavaThread "jar transforms Thread 4" [_thread_blocked, id=11052, stack(0x000000270f000000,0x000000270f100000)]
  0x000001775d15f9e0 JavaThread "jar transforms Thread 5" [_thread_blocked, id=5420, stack(0x000000270f100000,0x000000270f200000)]
  0x000001775d15db80 JavaThread "jar transforms Thread 6" [_thread_blocked, id=12168, stack(0x000000270f200000,0x000000270f300000)]
  0x000001775e0b85c0 JavaThread "build event listener" [_thread_blocked, id=10852, stack(0x000000270f300000,0x000000270f400000)]
  0x000001775e0b5320 JavaThread "jar transforms Thread 7" [_thread_blocked, id=21396, stack(0x000000270f400000,0x000000270f500000)]
  0x000001775e0b5830 JavaThread "jar transforms Thread 8" [_thread_blocked, id=8352, stack(0x000000270f500000,0x000000270f600000)]
  0x000001775e0bbd70 JavaThread "pool-3-thread-1" [_thread_blocked, id=19172, stack(0x0000002705000000,0x0000002705100000)]
  0x000001775e0bc280 JavaThread "build event listener" [_thread_blocked, id=9488, stack(0x000000270e800000,0x000000270e900000)]
  0x000001775e0bae40 JavaThread "Cache worker for execution history cache (C:\Users\87284\Documents\IndoorPlayer\android\.gradle\9.3.1\executionHistory)" [_thread_blocked, id=1448, stack(0x000000270ef00000,0x000000270f000000)]
  0x000001775e34dcc0 JavaThread "Cache worker for Java compile cache (C:\Users\87284\.gradle\caches\9.3.1\javaCompile)" [_thread_blocked, id=8868, stack(0x000000270f600000,0x000000270f700000)]
  0x0000017761a83350 JavaThread "Build operations" [_thread_blocked, id=23752, stack(0x000000270f700000,0x000000270f800000)]
  0x0000017761a82930 JavaThread "Build operations Thread 2" [_thread_blocked, id=21156, stack(0x000000270f800000,0x000000270f900000)]
  0x0000017761a83d70 JavaThread "Build operations Thread 3" [_thread_blocked, id=4204, stack(0x000000270f900000,0x000000270fa00000)]
  0x0000017761a83860 JavaThread "Build operations Thread 4" [_thread_blocked, id=4992, stack(0x000000270fa00000,0x000000270fb00000)]
  0x0000017761a82420 JavaThread "Build operations Thread 5" [_thread_blocked, id=5220, stack(0x000000270fb00000,0x000000270fc00000)]
  0x0000017761a84280 JavaThread "Build operations Thread 6" [_thread_blocked, id=18664, stack(0x000000270fc00000,0x000000270fd00000)]
  0x0000017761a82e40 JavaThread "Build operations Thread 7" [_thread_blocked, id=14648, stack(0x000000270fd00000,0x000000270fe00000)]
  0x0000017761a814f0 JavaThread "WorkerExecutor Queue" [_thread_blocked, id=14944, stack(0x0000002704e00000,0x0000002704f00000)]
  0x0000017761a856c0 JavaThread "WorkerExecutor Queue Thread 2" [_thread_blocked, id=9780, stack(0x0000002704f00000,0x0000002705000000)]
  0x0000017761a81a00 JavaThread "WorkerExecutor Queue Thread 3" [_thread_blocked, id=1284, stack(0x000000270fe00000,0x000000270ff00000)]
  0x0000017761a81f10 JavaThread "WorkerExecutor Queue Thread 4" [_thread_blocked, id=8184, stack(0x000000270ff00000,0x0000002710000000)]
  0x0000017761a87520 JavaThread "WorkerExecutor Queue Thread 5" [_thread_blocked, id=14972, stack(0x0000002710000000,0x0000002710100000)]
  0x0000017761a88450 JavaThread "WorkerExecutor Queue Thread 7" [_thread_blocked, id=5852, stack(0x0000002710200000,0x0000002710300000)]
  0x0000017761a87010 JavaThread "WorkerExecutor Queue Thread 8" [_thread_blocked, id=19592, stack(0x0000002710300000,0x0000002710400000)]
  0x00000177677accd0 JavaThread "C2 CompilerThread1" daemon [_thread_blocked, id=17608, stack(0x000000270a700000,0x000000270a800000)]
  0x000001776778a4e0 JavaThread "WorkerExecutor Queue Thread 9" [_thread_blocked, id=10908, stack(0x000000270aa00000,0x000000270ab00000)]
  0x0000017775f11c70 JavaThread "C2 CompilerThread2" daemon [_thread_blocked, id=6204, stack(0x000000270ac00000,0x000000270ad00000)]
  0x0000017766c4d440 JavaThread "ForkJoinPool-1-worker-1" daemon [_thread_blocked, id=21152, stack(0x0000002710100000,0x0000002710200000)]
  0x0000017761a88960 JavaThread "ForkJoinPool-1-worker-2" daemon [_thread_blocked, id=5480, stack(0x0000002710400000,0x0000002710500000)]
  0x000001776ce27580 JavaThread "ForkJoinPool-1-worker-3" daemon [_thread_blocked, id=17032, stack(0x0000002710500000,0x0000002710600000)]
  0x0000017766c4d950 JavaThread "ForkJoinPool-1-worker-4" daemon [_thread_blocked, id=13688, stack(0x0000002710600000,0x0000002710700000)]
  0x000001776ce27a90 JavaThread "ForkJoinPool-1-worker-5" daemon [_thread_blocked, id=13552, stack(0x0000002710700000,0x0000002710800000)]
  0x000001776ce27fa0 JavaThread "ForkJoinPool-1-worker-6" daemon [_thread_blocked, id=13604, stack(0x0000002710800000,0x0000002710900000)]
  0x0000017766455940 JavaThread "ForkJoinPool-1-worker-7" daemon [_thread_blocked, id=20248, stack(0x0000002710900000,0x0000002710a00000)]
  0x0000017766c501d0 JavaThread "ForkJoinPool-1-worker-8" daemon [_thread_blocked, id=18836, stack(0x0000002710a00000,0x0000002710b00000)]

Other Threads:
=>0x000001773b2d74c0 VMThread "VM Thread" [stack: 0x0000002705700000,0x0000002705800000] [id=2792]
  0x000001773bc911e0 WatcherThread [stack: 0x0000002706300000,0x0000002706400000] [id=10048]
  0x000001771d604df0 GCTaskThread "GC Thread#0" [stack: 0x0000002705200000,0x0000002705300000] [id=6660]
  0x000001773bdbd770 GCTaskThread "GC Thread#1" [stack: 0x0000002706500000,0x0000002706600000] [id=22408]
  0x000001773be78cc0 GCTaskThread "GC Thread#2" [stack: 0x0000002706600000,0x0000002706700000] [id=9180]
  0x000001775bd99210 GCTaskThread "GC Thread#3" [stack: 0x0000002706400000,0x0000002706500000] [id=3044]
  0x000001775be01d90 GCTaskThread "GC Thread#4" [stack: 0x0000002706700000,0x0000002706800000] [id=10028]
  0x000001775cbb5c70 GCTaskThread "GC Thread#5" [stack: 0x0000002706800000,0x0000002706900000] [id=9768]
  0x000001775deb2ca0 GCTaskThread "GC Thread#6" [stack: 0x0000002707800000,0x0000002707900000] [id=10720]
  0x000001773bdd4aa0 GCTaskThread "GC Thread#7" [stack: 0x0000002707900000,0x0000002707a00000] [id=23856]
  0x000001771d616920 ConcurrentGCThread "G1 Main Marker" [stack: 0x0000002705300000,0x0000002705400000] [id=24152]
  0x000001771d619110 ConcurrentGCThread "G1 Conc#0" [stack: 0x0000002705400000,0x0000002705500000] [id=20992]
  0x000001775e2f66b0 ConcurrentGCThread "G1 Conc#1" [stack: 0x0000002707500000,0x0000002707600000] [id=12760]
  0x000001773b195c80 ConcurrentGCThread "G1 Refine#0" [stack: 0x0000002705500000,0x0000002705600000] [id=2920]
  0x0000017766ac7390 ConcurrentGCThread "G1 Refine#1" [stack: 0x0000002710b00000,0x0000002710c00000] [id=5268]
  0x000001773b196460 ConcurrentGCThread "G1 Service" [stack: 0x0000002705600000,0x0000002705700000] [id=1608]

Threads with active compile tasks:
C2 CompilerThread1   161620 32580       4       com.android.tools.r8.graph.F2::a (471 bytes)

VM state: at safepoint (normal execution)

VM Mutex/Monitor currently owned by a thread:  ([mutex/lock_event])
[0x000001771b12ada0] Threads_lock - owner thread: 0x000001773b2d74c0
[0x000001771d5a4390] Heap_lock - owner thread: 0x000001776778a4e0

Heap address: 0x0000000080000000, size: 2048 MB, Compressed Oops mode: 32-bit

CDS archive(s) mapped at: [0x000001773c000000-0x000001773cbb0000-0x000001773cbb0000), size 12255232, SharedBaseAddress: 0x000001773c000000, ArchiveRelocationMode: 1.
Compressed class space mapped at: 0x000001773d000000-0x0000017757000000, reserved size: 436207616
Narrow klass base: 0x000001773c000000, Narrow klass shift: 0, Narrow klass range: 0x100000000

GC Precious Log:
 CPUs: 8 total, 8 available
 Memory: 7915M
 Large Page Support: Disabled
 NUMA Support: Disabled
 Compressed Oops: Enabled (32-bit)
 Heap Region Size: 1M
 Heap Min Capacity: 8M
 Heap Initial Capacity: 124M
 Heap Max Capacity: 2G
 Pre-touch: Disabled
 Parallel Workers: 8
 Concurrent Workers: 2
 Concurrent Refinement Workers: 8
 Periodic GC: Disabled

Heap:
 garbage-first heap   total 855040K, used 560128K [0x0000000080000000, 0x0000000100000000)
  region size 1024K, 18 young (18432K), 18 survivors (18432K)
 Metaspace       used 157701K, committed 159424K, reserved 622592K
  class space    used 21992K, committed 22848K, reserved 425984K

Heap Regions: E=young(eden), S=young(survivor), O=old, HS=humongous(starts), HC=humongous(continues), CS=collection set, F=free, OA=open archive, CA=closed archive, TAMS=top-at-mark-start (previous, next)
|   0|0x0000000080000000, 0x0000000080100000, 0x0000000080100000|100%|HS|  |TAMS 0x0000000080100000, 0x0000000080000000| Complete 
|   1|0x0000000080100000, 0x0000000080200000, 0x0000000080200000|100%|HC|  |TAMS 0x0000000080200000, 0x0000000080100000| Complete 
|   2|0x0000000080200000, 0x0000000080300000, 0x0000000080300000|100%|HC|  |TAMS 0x0000000080300000, 0x0000000080200000| Complete 
|   3|0x0000000080300000, 0x0000000080400000, 0x0000000080400000|100%|HC|  |TAMS 0x0000000080400000, 0x0000000080300000| Complete 
|   4|0x0000000080400000, 0x0000000080500000, 0x0000000080500000|100%| O|  |TAMS 0x0000000080500000, 0x0000000080400000| Untracked 
|   5|0x0000000080500000, 0x0000000080600000, 0x0000000080600000|100%| O|  |TAMS 0x0000000080600000, 0x0000000080500000| Untracked 
|   6|0x0000000080600000, 0x0000000080700000, 0x0000000080700000|100%| O|  |TAMS 0x0000000080700000, 0x0000000080600000| Untracked 
|   7|0x0000000080700000, 0x0000000080800000, 0x0000000080800000|100%|HS|  |TAMS 0x0000000080800000, 0x0000000080700000| Complete 
|   8|0x0000000080800000, 0x0000000080900000, 0x0000000080900000|100%| O|  |TAMS 0x0000000080900000, 0x0000000080800000| Untracked 
|   9|0x0000000080900000, 0x0000000080a00000, 0x0000000080a00000|100%| O|  |TAMS 0x0000000080a00000, 0x0000000080900000| Untracked 
|  10|0x0000000080a00000, 0x0000000080b00000, 0x0000000080b00000|100%| O|  |TAMS 0x0000000080b00000, 0x0000000080a00000| Untracked 
|  11|0x0000000080b00000, 0x0000000080c00000, 0x0000000080c00000|100%| O|  |TAMS 0x0000000080c00000, 0x0000000080b00000| Untracked 
|  12|0x0000000080c00000, 0x0000000080d00000, 0x0000000080d00000|100%| O|  |TAMS 0x0000000080d00000, 0x0000000080c00000| Untracked 
|  13|0x0000000080d00000, 0x0000000080e00000, 0x0000000080e00000|100%| O|  |TAMS 0x0000000080e00000, 0x0000000080d00000| Untracked 
|  14|0x0000000080e00000, 0x0000000080f00000, 0x0000000080f00000|100%| O|  |TAMS 0x0000000080f00000, 0x0000000080e00000| Untracked 
|  15|0x0000000080f00000, 0x0000000081000000, 0x0000000081000000|100%| O|  |TAMS 0x0000000081000000, 0x0000000080f00000| Untracked 
|  16|0x0000000081000000, 0x0000000081100000, 0x0000000081100000|100%| O|  |TAMS 0x0000000081100000, 0x0000000081000000| Untracked 
|  17|0x0000000081100000, 0x0000000081200000, 0x0000000081200000|100%| O|  |TAMS 0x0000000081200000, 0x0000000081100000| Untracked 
|  18|0x0000000081200000, 0x0000000081300000, 0x0000000081300000|100%| O|  |TAMS 0x0000000081300000, 0x0000000081200000| Untracked 
|  19|0x0000000081300000, 0x0000000081400000, 0x0000000081400000|100%| O|  |TAMS 0x0000000081400000, 0x0000000081300000| Untracked 
|  20|0x0000000081400000, 0x0000000081500000, 0x0000000081500000|100%| O|  |TAMS 0x0000000081500000, 0x0000000081400000| Untracked 
|  21|0x0000000081500000, 0x0000000081600000, 0x0000000081600000|100%| O|  |TAMS 0x0000000081600000, 0x0000000081500000| Untracked 
|  22|0x0000000081600000, 0x0000000081700000, 0x0000000081700000|100%| O|  |TAMS 0x0000000081700000, 0x0000000081600000| Untracked 
|  23|0x0000000081700000, 0x0000000081800000, 0x0000000081800000|100%| O|  |TAMS 0x0000000081800000, 0x0000000081700000| Untracked 
|  24|0x0000000081800000, 0x0000000081900000, 0x0000000081900000|100%| O|  |TAMS 0x0000000081900000, 0x0000000081800000| Untracked 
|  25|0x0000000081900000, 0x0000000081a00000, 0x0000000081a00000|100%| O|  |TAMS 0x0000000081a00000, 0x0000000081900000| Untracked 
|  26|0x0000000081a00000, 0x0000000081b00000, 0x0000000081b00000|100%| O|  |TAMS 0x0000000081b00000, 0x0000000081a00000| Untracked 
|  27|0x0000000081b00000, 0x0000000081c00000, 0x0000000081c00000|100%| O|  |TAMS 0x0000000081c00000, 0x0000000081b00000| Untracked 
|  28|0x0000000081c00000, 0x0000000081d00000, 0x0000000081d00000|100%| O|  |TAMS 0x0000000081d00000, 0x0000000081c00000| Untracked 
|  29|0x0000000081d00000, 0x0000000081e00000, 0x0000000081e00000|100%| O|  |TAMS 0x0000000081e00000, 0x0000000081d00000| Untracked 
|  30|0x0000000081e00000, 0x0000000081f00000, 0x0000000081f00000|100%| O|  |TAMS 0x0000000081f00000, 0x0000000081e00000| Untracked 
|  31|0x0000000081f00000, 0x0000000082000000, 0x0000000082000000|100%| O|  |TAMS 0x0000000082000000, 0x0000000081f00000| Untracked 
|  32|0x0000000082000000, 0x0000000082100000, 0x0000000082100000|100%| O|  |TAMS 0x0000000082100000, 0x0000000082000000| Untracked 
|  33|0x0000000082100000, 0x0000000082200000, 0x0000000082200000|100%| O|  |TAMS 0x0000000082200000, 0x0000000082100000| Untracked 
|  34|0x0000000082200000, 0x0000000082300000, 0x0000000082300000|100%|HS|  |TAMS 0x0000000082300000, 0x0000000082200000| Complete 
|  35|0x0000000082300000, 0x0000000082400000, 0x0000000082400000|100%|HC|  |TAMS 0x0000000082400000, 0x0000000082300000| Complete 
|  36|0x0000000082400000, 0x0000000082500000, 0x0000000082500000|100%|HC|  |TAMS 0x0000000082500000, 0x0000000082400000| Complete 
|  37|0x0000000082500000, 0x0000000082600000, 0x0000000082600000|100%|HS|  |TAMS 0x0000000082600000, 0x0000000082500000| Complete 
|  38|0x0000000082600000, 0x0000000082700000, 0x0000000082700000|100%|HC|  |TAMS 0x0000000082700000, 0x0000000082600000| Complete 
|  39|0x0000000082700000, 0x0000000082800000, 0x0000000082800000|100%|HC|  |TAMS 0x0000000082800000, 0x0000000082700000| Complete 
|  40|0x0000000082800000, 0x0000000082900000, 0x0000000082900000|100%| O|  |TAMS 0x0000000082900000, 0x0000000082800000| Untracked 
|  41|0x0000000082900000, 0x0000000082a00000, 0x0000000082a00000|100%| O|  |TAMS 0x0000000082a00000, 0x0000000082900000| Untracked 
|  42|0x0000000082a00000, 0x0000000082b00000, 0x0000000082b00000|100%| O|  |TAMS 0x0000000082b00000, 0x0000000082a00000| Untracked 
|  43|0x0000000082b00000, 0x0000000082c00000, 0x0000000082c00000|100%| O|  |TAMS 0x0000000082c00000, 0x0000000082b00000| Untracked 
|  44|0x0000000082c00000, 0x0000000082d00000, 0x0000000082d00000|100%| O|  |TAMS 0x0000000082d00000, 0x0000000082c00000| Untracked 
|  45|0x0000000082d00000, 0x0000000082e00000, 0x0000000082e00000|100%| O|  |TAMS 0x0000000082e00000, 0x0000000082d00000| Untracked 
|  46|0x0000000082e00000, 0x0000000082f00000, 0x0000000082f00000|100%| O|  |TAMS 0x0000000082f00000, 0x0000000082e00000| Untracked 
|  47|0x0000000082f00000, 0x0000000083000000, 0x0000000083000000|100%| O|  |TAMS 0x0000000083000000, 0x0000000082f00000| Untracked 
|  48|0x0000000083000000, 0x0000000083100000, 0x0000000083100000|100%| O|  |TAMS 0x0000000083100000, 0x0000000083000000| Untracked 
|  49|0x0000000083100000, 0x0000000083200000, 0x0000000083200000|100%| O|  |TAMS 0x0000000083200000, 0x0000000083100000| Untracked 
|  50|0x0000000083200000, 0x0000000083300000, 0x0000000083300000|100%| O|  |TAMS 0x0000000083300000, 0x0000000083200000| Untracked 
|  51|0x0000000083300000, 0x0000000083400000, 0x0000000083400000|100%| O|  |TAMS 0x0000000083400000, 0x0000000083300000| Untracked 
|  52|0x0000000083400000, 0x0000000083500000, 0x0000000083500000|100%| O|  |TAMS 0x0000000083500000, 0x0000000083400000| Untracked 
|  53|0x0000000083500000, 0x0000000083600000, 0x0000000083600000|100%| O|  |TAMS 0x0000000083600000, 0x0000000083500000| Untracked 
|  54|0x0000000083600000, 0x0000000083700000, 0x0000000083700000|100%| O|  |TAMS 0x0000000083700000, 0x0000000083600000| Untracked 
|  55|0x0000000083700000, 0x0000000083800000, 0x0000000083800000|100%| O|  |TAMS 0x0000000083800000, 0x0000000083700000| Untracked 
|  56|0x0000000083800000, 0x0000000083900000, 0x0000000083900000|100%| O|  |TAMS 0x0000000083900000, 0x0000000083800000| Untracked 
|  57|0x0000000083900000, 0x0000000083a00000, 0x0000000083a00000|100%| O|  |TAMS 0x0000000083a00000, 0x0000000083900000| Untracked 
|  58|0x0000000083a00000, 0x0000000083b00000, 0x0000000083b00000|100%| O|  |TAMS 0x0000000083b00000, 0x0000000083a00000| Untracked 
|  59|0x0000000083b00000, 0x0000000083c00000, 0x0000000083c00000|100%| O|  |TAMS 0x0000000083c00000, 0x0000000083b00000| Untracked 
|  60|0x0000000083c00000, 0x0000000083d00000, 0x0000000083d00000|100%| O|  |TAMS 0x0000000083d00000, 0x0000000083c00000| Untracked 
|  61|0x0000000083d00000, 0x0000000083e00000, 0x0000000083e00000|100%| O|  |TAMS 0x0000000083e00000, 0x0000000083d00000| Untracked 
|  62|0x0000000083e00000, 0x0000000083f00000, 0x0000000083f00000|100%| O|  |TAMS 0x0000000083f00000, 0x0000000083e00000| Untracked 
|  63|0x0000000083f00000, 0x0000000084000000, 0x0000000084000000|100%| O|  |TAMS 0x0000000084000000, 0x0000000083f00000| Untracked 
|  64|0x0000000084000000, 0x0000000084100000, 0x0000000084100000|100%| O|  |TAMS 0x0000000084100000, 0x0000000084000000| Untracked 
|  65|0x0000000084100000, 0x0000000084200000, 0x0000000084200000|100%| O|  |TAMS 0x0000000084200000, 0x0000000084100000| Untracked 
|  66|0x0000000084200000, 0x0000000084300000, 0x0000000084300000|100%| O|  |TAMS 0x0000000084300000, 0x0000000084200000| Untracked 
|  67|0x0000000084300000, 0x0000000084400000, 0x0000000084400000|100%|HS|  |TAMS 0x0000000084400000, 0x0000000084300000| Complete 
|  68|0x0000000084400000, 0x0000000084500000, 0x0000000084500000|100%| O|  |TAMS 0x0000000084500000, 0x0000000084400000| Untracked 
|  69|0x0000000084500000, 0x0000000084600000, 0x0000000084600000|100%| O|  |TAMS 0x0000000084600000, 0x0000000084500000| Untracked 
|  70|0x0000000084600000, 0x0000000084700000, 0x0000000084700000|100%| O|  |TAMS 0x0000000084700000, 0x0000000084600000| Untracked 
|  71|0x0000000084700000, 0x0000000084800000, 0x0000000084800000|100%| O|  |TAMS 0x0000000084800000, 0x0000000084700000| Untracked 
|  72|0x0000000084800000, 0x0000000084900000, 0x0000000084900000|100%| O|  |TAMS 0x0000000084900000, 0x0000000084800000| Untracked 
|  73|0x0000000084900000, 0x0000000084a00000, 0x0000000084a00000|100%| O|  |TAMS 0x0000000084a00000, 0x0000000084900000| Untracked 
|  74|0x0000000084a00000, 0x0000000084b00000, 0x0000000084b00000|100%| O|  |TAMS 0x0000000084b00000, 0x0000000084a00000| Untracked 
|  75|0x0000000084b00000, 0x0000000084c00000, 0x0000000084c00000|100%|HS|  |TAMS 0x0000000084c00000, 0x0000000084b00000| Complete 
|  76|0x0000000084c00000, 0x0000000084d00000, 0x0000000084d00000|100%|HS|  |TAMS 0x0000000084d00000, 0x0000000084c00000| Complete 
|  77|0x0000000084d00000, 0x0000000084e00000, 0x0000000084e00000|100%|HS|  |TAMS 0x0000000084e00000, 0x0000000084d00000| Complete 
|  78|0x0000000084e00000, 0x0000000084f00000, 0x0000000084f00000|100%|HS|  |TAMS 0x0000000084f00000, 0x0000000084e00000| Complete 
|  79|0x0000000084f00000, 0x0000000085000000, 0x0000000085000000|100%|HS|  |TAMS 0x0000000085000000, 0x0000000084f00000| Complete 
|  80|0x0000000085000000, 0x0000000085100000, 0x0000000085100000|100%|HS|  |TAMS 0x0000000085100000, 0x0000000085000000| Complete 
|  81|0x0000000085100000, 0x0000000085200000, 0x0000000085200000|100%| O|  |TAMS 0x0000000085200000, 0x0000000085100000| Untracked 
|  82|0x0000000085200000, 0x0000000085300000, 0x0000000085300000|100%| O|  |TAMS 0x0000000085300000, 0x0000000085200000| Untracked 
|  83|0x0000000085300000, 0x0000000085400000, 0x0000000085400000|100%| O|  |TAMS 0x0000000085400000, 0x0000000085300000| Untracked 
|  84|0x0000000085400000, 0x0000000085500000, 0x0000000085500000|100%| O|  |TAMS 0x0000000085500000, 0x0000000085400000| Untracked 
|  85|0x0000000085500000, 0x0000000085600000, 0x0000000085600000|100%|HS|  |TAMS 0x0000000085600000, 0x0000000085500000| Complete 
|  86|0x0000000085600000, 0x0000000085700000, 0x0000000085700000|100%|HC|  |TAMS 0x0000000085700000, 0x0000000085600000| Complete 
|  87|0x0000000085700000, 0x0000000085800000, 0x0000000085800000|100%|HC|  |TAMS 0x0000000085800000, 0x0000000085700000| Complete 
|  88|0x0000000085800000, 0x0000000085900000, 0x0000000085900000|100%| O|  |TAMS 0x0000000085900000, 0x0000000085800000| Untracked 
|  89|0x0000000085900000, 0x0000000085a00000, 0x0000000085a00000|100%| O|  |TAMS 0x0000000085a00000, 0x0000000085900000| Untracked 
|  90|0x0000000085a00000, 0x0000000085b00000, 0x0000000085b00000|100%| O|  |TAMS 0x0000000085b00000, 0x0000000085a00000| Untracked 
|  91|0x0000000085b00000, 0x0000000085c00000, 0x0000000085c00000|100%| O|  |TAMS 0x0000000085c00000, 0x0000000085b00000| Untracked 
|  92|0x0000000085c00000, 0x0000000085d00000, 0x0000000085d00000|100%| O|  |TAMS 0x0000000085d00000, 0x0000000085c00000| Untracked 
|  93|0x0000000085d00000, 0x0000000085e00000, 0x0000000085e00000|100%| O|  |TAMS 0x0000000085e00000, 0x0000000085d00000| Untracked 
|  94|0x0000000085e00000, 0x0000000085f00000, 0x0000000085f00000|100%| O|  |TAMS 0x0000000085f00000, 0x0000000085e00000| Untracked 
|  95|0x0000000085f00000, 0x0000000086000000, 0x0000000086000000|100%| O|  |TAMS 0x0000000086000000, 0x0000000085f00000| Untracked 
|  96|0x0000000086000000, 0x0000000086100000, 0x0000000086100000|100%| O|  |TAMS 0x0000000086100000, 0x0000000086000000| Untracked 
|  97|0x0000000086100000, 0x0000000086200000, 0x0000000086200000|100%| O|  |TAMS 0x0000000086200000, 0x0000000086100000| Untracked 
|  98|0x0000000086200000, 0x0000000086300000, 0x0000000086300000|100%| O|  |TAMS 0x0000000086300000, 0x0000000086200000| Untracked 
|  99|0x0000000086300000, 0x0000000086400000, 0x0000000086400000|100%| O|  |TAMS 0x0000000086400000, 0x0000000086300000| Untracked 
| 100|0x0000000086400000, 0x0000000086500000, 0x0000000086500000|100%| O|  |TAMS 0x0000000086500000, 0x0000000086400000| Untracked 
| 101|0x0000000086500000, 0x0000000086600000, 0x0000000086600000|100%| O|  |TAMS 0x0000000086600000, 0x0000000086500000| Untracked 
| 102|0x0000000086600000, 0x0000000086700000, 0x0000000086700000|100%| O|  |TAMS 0x0000000086700000, 0x0000000086600000| Untracked 
| 103|0x0000000086700000, 0x0000000086800000, 0x0000000086800000|100%| O|  |TAMS 0x0000000086800000, 0x0000000086700000| Untracked 
| 104|0x0000000086800000, 0x0000000086900000, 0x0000000086900000|100%| O|  |TAMS 0x0000000086900000, 0x0000000086800000| Untracked 
| 105|0x0000000086900000, 0x0000000086a00000, 0x0000000086a00000|100%| O|  |TAMS 0x0000000086a00000, 0x0000000086900000| Untracked 
| 106|0x0000000086a00000, 0x0000000086b00000, 0x0000000086b00000|100%| O|  |TAMS 0x0000000086b00000, 0x0000000086a00000| Untracked 
| 107|0x0000000086b00000, 0x0000000086c00000, 0x0000000086c00000|100%| O|  |TAMS 0x0000000086c00000, 0x0000000086b00000| Untracked 
| 108|0x0000000086c00000, 0x0000000086d00000, 0x0000000086d00000|100%| O|  |TAMS 0x0000000086d00000, 0x0000000086c00000| Untracked 
| 109|0x0000000086d00000, 0x0000000086e00000, 0x0000000086e00000|100%| O|  |TAMS 0x0000000086e00000, 0x0000000086d00000| Untracked 
| 110|0x0000000086e00000, 0x0000000086f00000, 0x0000000086f00000|100%| O|  |TAMS 0x0000000086f00000, 0x0000000086e00000| Untracked 
| 111|0x0000000086f00000, 0x0000000087000000, 0x0000000087000000|100%| O|  |TAMS 0x0000000087000000, 0x0000000086f00000| Untracked 
| 112|0x0000000087000000, 0x0000000087100000, 0x0000000087100000|100%| O|  |TAMS 0x0000000087100000, 0x0000000087000000| Untracked 
| 113|0x0000000087100000, 0x0000000087200000, 0x0000000087200000|100%| O|  |TAMS 0x0000000087200000, 0x0000000087100000| Untracked 
| 114|0x0000000087200000, 0x0000000087300000, 0x0000000087300000|100%| O|  |TAMS 0x0000000087300000, 0x0000000087200000| Untracked 
| 115|0x0000000087300000, 0x0000000087400000, 0x0000000087400000|100%| O|  |TAMS 0x0000000087400000, 0x0000000087300000| Untracked 
| 116|0x0000000087400000, 0x0000000087500000, 0x0000000087500000|100%| O|  |TAMS 0x0000000087500000, 0x0000000087400000| Untracked 
| 117|0x0000000087500000, 0x0000000087600000, 0x0000000087600000|100%| O|  |TAMS 0x0000000087600000, 0x0000000087500000| Untracked 
| 118|0x0000000087600000, 0x0000000087700000, 0x0000000087700000|100%| O|  |TAMS 0x0000000087700000, 0x0000000087600000| Untracked 
| 119|0x0000000087700000, 0x0000000087800000, 0x0000000087800000|100%| O|  |TAMS 0x0000000087800000, 0x0000000087700000| Untracked 
| 120|0x0000000087800000, 0x0000000087900000, 0x0000000087900000|100%| O|  |TAMS 0x0000000087800000, 0x0000000087800000| Untracked 
| 121|0x0000000087900000, 0x0000000087a00000, 0x0000000087a00000|100%|HS|  |TAMS 0x0000000087a00000, 0x0000000087900000| Complete 
| 122|0x0000000087a00000, 0x0000000087b00000, 0x0000000087b00000|100%|HS|  |TAMS 0x0000000087b00000, 0x0000000087a00000| Complete 
| 123|0x0000000087b00000, 0x0000000087c00000, 0x0000000087c00000|100%|HS|  |TAMS 0x0000000087c00000, 0x0000000087b00000| Complete 
| 124|0x0000000087c00000, 0x0000000087d00000, 0x0000000087d00000|100%|HS|  |TAMS 0x0000000087d00000, 0x0000000087c00000| Complete 
| 125|0x0000000087d00000, 0x0000000087e00000, 0x0000000087e00000|100%| O|  |TAMS 0x0000000087e00000, 0x0000000087d00000| Untracked 
| 126|0x0000000087e00000, 0x0000000087f00000, 0x0000000087f00000|100%| O|  |TAMS 0x0000000087f00000, 0x0000000087e00000| Untracked 
| 127|0x0000000087f00000, 0x0000000088000000, 0x0000000088000000|100%| O|  |TAMS 0x0000000088000000, 0x0000000087f00000| Untracked 
| 128|0x0000000088000000, 0x0000000088100000, 0x0000000088100000|100%| O|  |TAMS 0x0000000088100000, 0x0000000088000000| Untracked 
| 129|0x0000000088100000, 0x0000000088200000, 0x0000000088200000|100%| O|  |TAMS 0x0000000088200000, 0x0000000088100000| Untracked 
| 130|0x0000000088200000, 0x0000000088300000, 0x0000000088300000|100%| O|  |TAMS 0x0000000088300000, 0x0000000088200000| Untracked 
| 131|0x0000000088300000, 0x0000000088400000, 0x0000000088400000|100%| O|  |TAMS 0x0000000088400000, 0x0000000088300000| Untracked 
| 132|0x0000000088400000, 0x0000000088500000, 0x0000000088500000|100%| O|  |TAMS 0x0000000088500000, 0x0000000088400000| Untracked 
| 133|0x0000000088500000, 0x0000000088600000, 0x0000000088600000|100%| O|  |TAMS 0x0000000088600000, 0x0000000088500000| Untracked 
| 134|0x0000000088600000, 0x0000000088700000, 0x0000000088700000|100%| O|  |TAMS 0x0000000088700000, 0x0000000088600000| Untracked 
| 135|0x0000000088700000, 0x0000000088800000, 0x0000000088800000|100%| O|  |TAMS 0x0000000088800000, 0x0000000088700000| Untracked 
| 136|0x0000000088800000, 0x0000000088900000, 0x0000000088900000|100%| O|  |TAMS 0x0000000088900000, 0x0000000088800000| Untracked 
| 137|0x0000000088900000, 0x0000000088a00000, 0x0000000088a00000|100%| O|  |TAMS 0x0000000088a00000, 0x0000000088900000| Untracked 
| 138|0x0000000088a00000, 0x0000000088b00000, 0x0000000088b00000|100%| O|  |TAMS 0x0000000088b00000, 0x0000000088a00000| Untracked 
| 139|0x0000000088b00000, 0x0000000088c00000, 0x0000000088c00000|100%| O|  |TAMS 0x0000000088c00000, 0x0000000088b00000| Untracked 
| 140|0x0000000088c00000, 0x0000000088d00000, 0x0000000088d00000|100%| O|  |TAMS 0x0000000088d00000, 0x0000000088c00000| Untracked 
| 141|0x0000000088d00000, 0x0000000088e00000, 0x0000000088e00000|100%| O|  |TAMS 0x0000000088e00000, 0x0000000088d00000| Untracked 
| 142|0x0000000088e00000, 0x0000000088f00000, 0x0000000088f00000|100%| O|  |TAMS 0x0000000088f00000, 0x0000000088e00000| Untracked 
| 143|0x0000000088f00000, 0x0000000089000000, 0x0000000089000000|100%| O|  |TAMS 0x0000000089000000, 0x0000000088f00000| Untracked 
| 144|0x0000000089000000, 0x0000000089100000, 0x0000000089100000|100%| O|  |TAMS 0x0000000089100000, 0x0000000089000000| Untracked 
| 145|0x0000000089100000, 0x0000000089200000, 0x0000000089200000|100%| O|  |TAMS 0x0000000089200000, 0x0000000089100000| Untracked 
| 146|0x0000000089200000, 0x0000000089300000, 0x0000000089300000|100%| O|  |TAMS 0x0000000089300000, 0x0000000089200000| Untracked 
| 147|0x0000000089300000, 0x0000000089400000, 0x0000000089400000|100%| O|  |TAMS 0x0000000089400000, 0x0000000089300000| Untracked 
| 148|0x0000000089400000, 0x0000000089500000, 0x0000000089500000|100%| O|  |TAMS 0x0000000089500000, 0x0000000089400000| Untracked 
| 149|0x0000000089500000, 0x0000000089600000, 0x0000000089600000|100%| O|  |TAMS 0x0000000089600000, 0x0000000089500000| Untracked 
| 150|0x0000000089600000, 0x0000000089700000, 0x0000000089700000|100%|HS|  |TAMS 0x0000000089700000, 0x0000000089600000| Complete 
| 151|0x0000000089700000, 0x0000000089800000, 0x0000000089800000|100%|HS|  |TAMS 0x0000000089800000, 0x0000000089700000| Complete 
| 152|0x0000000089800000, 0x0000000089900000, 0x0000000089900000|100%| O|  |TAMS 0x0000000089900000, 0x0000000089800000| Untracked 
| 153|0x0000000089900000, 0x0000000089a00000, 0x0000000089a00000|100%|HS|  |TAMS 0x0000000089a00000, 0x0000000089900000| Complete 
| 154|0x0000000089a00000, 0x0000000089b00000, 0x0000000089b00000|100%|HC|  |TAMS 0x0000000089b00000, 0x0000000089a00000| Complete 
| 155|0x0000000089b00000, 0x0000000089c00000, 0x0000000089c00000|100%| O|  |TAMS 0x0000000089c00000, 0x0000000089b00000| Untracked 
| 156|0x0000000089c00000, 0x0000000089d00000, 0x0000000089d00000|100%| O|  |TAMS 0x0000000089d00000, 0x0000000089c00000| Untracked 
| 157|0x0000000089d00000, 0x0000000089e00000, 0x0000000089e00000|100%| O|  |TAMS 0x0000000089e00000, 0x0000000089d00000| Untracked 
| 158|0x0000000089e00000, 0x0000000089f00000, 0x0000000089f00000|100%| O|  |TAMS 0x0000000089f00000, 0x0000000089e00000| Untracked 
| 159|0x0000000089f00000, 0x000000008a000000, 0x000000008a000000|100%| O|  |TAMS 0x000000008a000000, 0x0000000089f00000| Untracked 
| 160|0x000000008a000000, 0x000000008a100000, 0x000000008a100000|100%| O|  |TAMS 0x000000008a000000, 0x000000008a000000| Untracked 
| 161|0x000000008a100000, 0x000000008a200000, 0x000000008a200000|100%| O|  |TAMS 0x000000008a200000, 0x000000008a100000| Untracked 
| 162|0x000000008a200000, 0x000000008a300000, 0x000000008a300000|100%| O|  |TAMS 0x000000008a300000, 0x000000008a200000| Untracked 
| 163|0x000000008a300000, 0x000000008a400000, 0x000000008a400000|100%| O|  |TAMS 0x000000008a400000, 0x000000008a300000| Untracked 
| 164|0x000000008a400000, 0x000000008a500000, 0x000000008a500000|100%| O|  |TAMS 0x000000008a500000, 0x000000008a400000| Untracked 
| 165|0x000000008a500000, 0x000000008a600000, 0x000000008a600000|100%| O|  |TAMS 0x000000008a600000, 0x000000008a500000| Untracked 
| 166|0x000000008a600000, 0x000000008a700000, 0x000000008a700000|100%| O|  |TAMS 0x000000008a700000, 0x000000008a600000| Untracked 
| 167|0x000000008a700000, 0x000000008a800000, 0x000000008a800000|100%| O|  |TAMS 0x000000008a800000, 0x000000008a700000| Untracked 
| 168|0x000000008a800000, 0x000000008a900000, 0x000000008a900000|100%| O|  |TAMS 0x000000008a900000, 0x000000008a800000| Untracked 
| 169|0x000000008a900000, 0x000000008aa00000, 0x000000008aa00000|100%| O|  |TAMS 0x000000008aa00000, 0x000000008a900000| Untracked 
| 170|0x000000008aa00000, 0x000000008ab00000, 0x000000008ab00000|100%| O|  |TAMS 0x000000008ab00000, 0x000000008aa00000| Untracked 
| 171|0x000000008ab00000, 0x000000008ac00000, 0x000000008ac00000|100%| O|  |TAMS 0x000000008ac00000, 0x000000008ab00000| Untracked 
| 172|0x000000008ac00000, 0x000000008ad00000, 0x000000008ad00000|100%| O|  |TAMS 0x000000008ad00000, 0x000000008ac00000| Untracked 
| 173|0x000000008ad00000, 0x000000008ae00000, 0x000000008ae00000|100%| O|  |TAMS 0x000000008ae00000, 0x000000008ad00000| Untracked 
| 174|0x000000008ae00000, 0x000000008af00000, 0x000000008af00000|100%| O|  |TAMS 0x000000008af00000, 0x000000008ae00000| Untracked 
| 175|0x000000008af00000, 0x000000008b000000, 0x000000008b000000|100%| O|  |TAMS 0x000000008b000000, 0x000000008af00000| Untracked 
| 176|0x000000008b000000, 0x000000008b100000, 0x000000008b100000|100%| O|  |TAMS 0x000000008b100000, 0x000000008b000000| Untracked 
| 177|0x000000008b100000, 0x000000008b200000, 0x000000008b200000|100%| O|  |TAMS 0x000000008b200000, 0x000000008b100000| Untracked 
| 178|0x000000008b200000, 0x000000008b300000, 0x000000008b300000|100%| O|  |TAMS 0x000000008b300000, 0x000000008b200000| Untracked 
| 179|0x000000008b300000, 0x000000008b400000, 0x000000008b400000|100%| O|  |TAMS 0x000000008b400000, 0x000000008b300000| Untracked 
| 180|0x000000008b400000, 0x000000008b500000, 0x000000008b500000|100%| O|  |TAMS 0x000000008b500000, 0x000000008b400000| Untracked 
| 181|0x000000008b500000, 0x000000008b600000, 0x000000008b600000|100%| O|  |TAMS 0x000000008b600000, 0x000000008b500000| Untracked 
| 182|0x000000008b600000, 0x000000008b700000, 0x000000008b700000|100%| O|  |TAMS 0x000000008b700000, 0x000000008b600000| Untracked 
| 183|0x000000008b700000, 0x000000008b800000, 0x000000008b800000|100%| O|  |TAMS 0x000000008b800000, 0x000000008b700000| Untracked 
| 184|0x000000008b800000, 0x000000008b900000, 0x000000008b900000|100%| O|  |TAMS 0x000000008b900000, 0x000000008b800000| Untracked 
| 185|0x000000008b900000, 0x000000008ba00000, 0x000000008ba00000|100%| O|  |TAMS 0x000000008ba00000, 0x000000008b900000| Untracked 
| 186|0x000000008ba00000, 0x000000008bb00000, 0x000000008bb00000|100%| O|  |TAMS 0x000000008bb00000, 0x000000008ba00000| Untracked 
| 187|0x000000008bb00000, 0x000000008bc00000, 0x000000008bc00000|100%| O|  |TAMS 0x000000008bc00000, 0x000000008bb00000| Untracked 
| 188|0x000000008bc00000, 0x000000008bd00000, 0x000000008bd00000|100%| O|  |TAMS 0x000000008bd00000, 0x000000008bc00000| Untracked 
| 189|0x000000008bd00000, 0x000000008be00000, 0x000000008be00000|100%| O|  |TAMS 0x000000008be00000, 0x000000008bd00000| Untracked 
| 190|0x000000008be00000, 0x000000008bf00000, 0x000000008bf00000|100%| O|  |TAMS 0x000000008bf00000, 0x000000008be00000| Untracked 
| 191|0x000000008bf00000, 0x000000008c000000, 0x000000008c000000|100%|HS|  |TAMS 0x000000008bf00000, 0x000000008bf00000| Complete 
| 192|0x000000008c000000, 0x000000008c100000, 0x000000008c100000|100%| O|  |TAMS 0x000000008c100000, 0x000000008c000000| Untracked 
| 193|0x000000008c100000, 0x000000008c200000, 0x000000008c200000|100%| O|  |TAMS 0x000000008c200000, 0x000000008c100000| Untracked 
| 194|0x000000008c200000, 0x000000008c300000, 0x000000008c300000|100%| O|  |TAMS 0x000000008c300000, 0x000000008c200000| Untracked 
| 195|0x000000008c300000, 0x000000008c400000, 0x000000008c400000|100%| O|  |TAMS 0x000000008c400000, 0x000000008c300000| Untracked 
| 196|0x000000008c400000, 0x000000008c500000, 0x000000008c500000|100%| O|  |TAMS 0x000000008c500000, 0x000000008c400000| Untracked 
| 197|0x000000008c500000, 0x000000008c600000, 0x000000008c600000|100%| O|  |TAMS 0x000000008c600000, 0x000000008c500000| Untracked 
| 198|0x000000008c600000, 0x000000008c700000, 0x000000008c700000|100%| O|  |TAMS 0x000000008c700000, 0x000000008c600000| Untracked 
| 199|0x000000008c700000, 0x000000008c800000, 0x000000008c800000|100%| O|  |TAMS 0x000000008c800000, 0x000000008c700000| Untracked 
| 200|0x000000008c800000, 0x000000008c900000, 0x000000008c900000|100%| O|  |TAMS 0x000000008c900000, 0x000000008c800000| Untracked 
| 201|0x000000008c900000, 0x000000008ca00000, 0x000000008ca00000|100%| O|  |TAMS 0x000000008ca00000, 0x000000008c900000| Untracked 
| 202|0x000000008ca00000, 0x000000008cb00000, 0x000000008cb00000|100%| O|  |TAMS 0x000000008cb00000, 0x000000008ca00000| Untracked 
| 203|0x000000008cb00000, 0x000000008cc00000, 0x000000008cc00000|100%| O|  |TAMS 0x000000008cb00000, 0x000000008cb00000| Untracked 
| 204|0x000000008cc00000, 0x000000008cd00000, 0x000000008cd00000|100%|HS|  |TAMS 0x000000008cc00000, 0x000000008cc00000| Complete 
| 205|0x000000008cd00000, 0x000000008ce00000, 0x000000008ce00000|100%| O|  |TAMS 0x000000008ce00000, 0x000000008cd00000| Untracked 
| 206|0x000000008ce00000, 0x000000008cf00000, 0x000000008cf00000|100%| O|  |TAMS 0x000000008cf00000, 0x000000008ce00000| Untracked 
| 207|0x000000008cf00000, 0x000000008d000000, 0x000000008d000000|100%| O|  |TAMS 0x000000008d000000, 0x000000008cf00000| Untracked 
| 208|0x000000008d000000, 0x000000008d100000, 0x000000008d100000|100%| O|  |TAMS 0x000000008d100000, 0x000000008d000000| Untracked 
| 209|0x000000008d100000, 0x000000008d200000, 0x000000008d200000|100%| O|  |TAMS 0x000000008d200000, 0x000000008d100000| Untracked 
| 210|0x000000008d200000, 0x000000008d300000, 0x000000008d300000|100%| O|  |TAMS 0x000000008d200000, 0x000000008d200000| Untracked 
| 211|0x000000008d300000, 0x000000008d400000, 0x000000008d400000|100%| O|  |TAMS 0x000000008d300000, 0x000000008d300000| Untracked 
| 212|0x000000008d400000, 0x000000008d500000, 0x000000008d500000|100%| O|  |TAMS 0x000000008d400000, 0x000000008d400000| Untracked 
| 213|0x000000008d500000, 0x000000008d600000, 0x000000008d600000|100%| O|  |TAMS 0x000000008d500000, 0x000000008d500000| Untracked 
| 214|0x000000008d600000, 0x000000008d700000, 0x000000008d700000|100%| O|  |TAMS 0x000000008d600000, 0x000000008d600000| Untracked 
| 215|0x000000008d700000, 0x000000008d800000, 0x000000008d800000|100%| O|  |TAMS 0x000000008d700000, 0x000000008d700000| Untracked 
| 216|0x000000008d800000, 0x000000008d900000, 0x000000008d900000|100%| O|  |TAMS 0x000000008d900000, 0x000000008d800000| Untracked 
| 217|0x000000008d900000, 0x000000008da00000, 0x000000008da00000|100%| O|  |TAMS 0x000000008da00000, 0x000000008d900000| Untracked 
| 218|0x000000008da00000, 0x000000008db00000, 0x000000008db00000|100%| O|  |TAMS 0x000000008db00000, 0x000000008da00000| Untracked 
| 219|0x000000008db00000, 0x000000008dc00000, 0x000000008dc00000|100%| O|  |TAMS 0x000000008dc00000, 0x000000008db00000| Untracked 
| 220|0x000000008dc00000, 0x000000008dd00000, 0x000000008dd00000|100%| O|  |TAMS 0x000000008dd00000, 0x000000008dc00000| Untracked 
| 221|0x000000008dd00000, 0x000000008de00000, 0x000000008de00000|100%| O|  |TAMS 0x000000008de00000, 0x000000008dd00000| Untracked 
| 222|0x000000008de00000, 0x000000008df00000, 0x000000008df00000|100%| O|  |TAMS 0x000000008df00000, 0x000000008de00000| Untracked 
| 223|0x000000008df00000, 0x000000008e000000, 0x000000008e000000|100%| O|  |TAMS 0x000000008df00000, 0x000000008df00000| Untracked 
| 224|0x000000008e000000, 0x000000008e100000, 0x000000008e100000|100%| O|  |TAMS 0x000000008e100000, 0x000000008e000000| Untracked 
| 225|0x000000008e100000, 0x000000008e200000, 0x000000008e200000|100%| O|  |TAMS 0x000000008e200000, 0x000000008e100000| Untracked 
| 226|0x000000008e200000, 0x000000008e300000, 0x000000008e300000|100%| O|  |TAMS 0x000000008e200000, 0x000000008e200000| Untracked 
| 227|0x000000008e300000, 0x000000008e400000, 0x000000008e400000|100%| O|  |TAMS 0x000000008e400000, 0x000000008e300000| Untracked 
| 228|0x000000008e400000, 0x000000008e500000, 0x000000008e500000|100%| O|  |TAMS 0x000000008e400000, 0x000000008e400000| Untracked 
| 229|0x000000008e500000, 0x000000008e600000, 0x000000008e600000|100%| O|  |TAMS 0x000000008e500000, 0x000000008e500000| Untracked 
| 230|0x000000008e600000, 0x000000008e700000, 0x000000008e700000|100%| O|  |TAMS 0x000000008e700000, 0x000000008e600000| Untracked 
| 231|0x000000008e700000, 0x000000008e800000, 0x000000008e800000|100%| O|  |TAMS 0x000000008e700000, 0x000000008e700000| Untracked 
| 232|0x000000008e800000, 0x000000008e900000, 0x000000008e900000|100%| O|  |TAMS 0x000000008e900000, 0x000000008e800000| Untracked 
| 233|0x000000008e900000, 0x000000008ea00000, 0x000000008ea00000|100%| O|  |TAMS 0x000000008ea00000, 0x000000008e900000| Untracked 
| 234|0x000000008ea00000, 0x000000008eb00000, 0x000000008eb00000|100%| O|  |TAMS 0x000000008eb00000, 0x000000008ea00000| Untracked 
| 235|0x000000008eb00000, 0x000000008ec00000, 0x000000008ec00000|100%| O|  |TAMS 0x000000008ec00000, 0x000000008eb00000| Untracked 
| 236|0x000000008ec00000, 0x000000008ed00000, 0x000000008ed00000|100%| O|  |TAMS 0x000000008ed00000, 0x000000008ec00000| Untracked 
| 237|0x000000008ed00000, 0x000000008ee00000, 0x000000008ee00000|100%| O|  |TAMS 0x000000008ed00000, 0x000000008ed00000| Untracked 
| 238|0x000000008ee00000, 0x000000008ef00000, 0x000000008ef00000|100%| O|  |TAMS 0x000000008ef00000, 0x000000008ee00000| Untracked 
| 239|0x000000008ef00000, 0x000000008f000000, 0x000000008f000000|100%| O|  |TAMS 0x000000008f000000, 0x000000008ef00000| Untracked 
| 240|0x000000008f000000, 0x000000008f100000, 0x000000008f100000|100%| O|  |TAMS 0x000000008f000000, 0x000000008f000000| Untracked 
| 241|0x000000008f100000, 0x000000008f200000, 0x000000008f200000|100%| O|  |TAMS 0x000000008f100000, 0x000000008f100000| Untracked 
| 242|0x000000008f200000, 0x000000008f300000, 0x000000008f300000|100%| O|  |TAMS 0x000000008f200000, 0x000000008f200000| Untracked 
| 243|0x000000008f300000, 0x000000008f400000, 0x000000008f400000|100%| O|  |TAMS 0x000000008f300000, 0x000000008f300000| Untracked 
| 244|0x000000008f400000, 0x000000008f500000, 0x000000008f500000|100%| O|  |TAMS 0x000000008f400000, 0x000000008f400000| Untracked 
| 245|0x000000008f500000, 0x000000008f600000, 0x000000008f600000|100%|HS|  |TAMS 0x000000008f500000, 0x000000008f500000| Complete 
| 246|0x000000008f600000, 0x000000008f700000, 0x000000008f700000|100%|HC|  |TAMS 0x000000008f600000, 0x000000008f600000| Complete 
| 247|0x000000008f700000, 0x000000008f800000, 0x000000008f800000|100%| O|  |TAMS 0x000000008f700000, 0x000000008f700000| Untracked 
| 248|0x000000008f800000, 0x000000008f900000, 0x000000008f900000|100%| O|  |TAMS 0x000000008f800000, 0x000000008f800000| Untracked 
| 249|0x000000008f900000, 0x000000008fa00000, 0x000000008fa00000|100%|HS|  |TAMS 0x000000008f900000, 0x000000008f900000| Complete 
| 250|0x000000008fa00000, 0x000000008fb00000, 0x000000008fb00000|100%|HC|  |TAMS 0x000000008fa00000, 0x000000008fa00000| Complete 
| 251|0x000000008fb00000, 0x000000008fc00000, 0x000000008fc00000|100%| O|  |TAMS 0x000000008fb00000, 0x000000008fb00000| Untracked 
| 252|0x000000008fc00000, 0x000000008fd00000, 0x000000008fd00000|100%| O|  |TAMS 0x000000008fc00000, 0x000000008fc00000| Untracked 
| 253|0x000000008fd00000, 0x000000008fe00000, 0x000000008fe00000|100%| O|  |TAMS 0x000000008fd00000, 0x000000008fd00000| Untracked 
| 254|0x000000008fe00000, 0x000000008ff00000, 0x000000008ff00000|100%| O|  |TAMS 0x000000008fe00000, 0x000000008fe00000| Untracked 
| 255|0x000000008ff00000, 0x0000000090000000, 0x0000000090000000|100%| O|  |TAMS 0x000000008ff00000, 0x000000008ff00000| Untracked 
| 256|0x0000000090000000, 0x0000000090100000, 0x0000000090100000|100%| O|  |TAMS 0x0000000090000000, 0x0000000090000000| Untracked 
| 257|0x0000000090100000, 0x0000000090200000, 0x0000000090200000|100%| O|  |TAMS 0x0000000090100000, 0x0000000090100000| Untracked 
| 258|0x0000000090200000, 0x0000000090300000, 0x0000000090300000|100%| O|  |TAMS 0x0000000090200000, 0x0000000090200000| Untracked 
| 259|0x0000000090300000, 0x0000000090400000, 0x0000000090400000|100%| O|  |TAMS 0x0000000090300000, 0x0000000090300000| Untracked 
| 260|0x0000000090400000, 0x0000000090500000, 0x0000000090500000|100%| O|  |TAMS 0x0000000090400000, 0x0000000090400000| Untracked 
| 261|0x0000000090500000, 0x0000000090600000, 0x0000000090600000|100%| O|  |TAMS 0x0000000090500000, 0x0000000090500000| Untracked 
| 262|0x0000000090600000, 0x0000000090700000, 0x0000000090700000|100%| O|  |TAMS 0x0000000090600000, 0x0000000090600000| Untracked 
| 263|0x0000000090700000, 0x0000000090800000, 0x0000000090800000|100%| O|  |TAMS 0x0000000090700000, 0x0000000090700000| Untracked 
| 264|0x0000000090800000, 0x0000000090900000, 0x0000000090900000|100%| O|  |TAMS 0x0000000090800000, 0x0000000090800000| Untracked 
| 265|0x0000000090900000, 0x0000000090a00000, 0x0000000090a00000|100%| O|  |TAMS 0x0000000090900000, 0x0000000090900000| Untracked 
| 266|0x0000000090a00000, 0x0000000090b00000, 0x0000000090b00000|100%| O|  |TAMS 0x0000000090a00000, 0x0000000090a00000| Untracked 
| 267|0x0000000090b00000, 0x0000000090c00000, 0x0000000090c00000|100%| O|  |TAMS 0x0000000090c00000, 0x0000000090b00000| Untracked 
| 268|0x0000000090c00000, 0x0000000090d00000, 0x0000000090d00000|100%| O|  |TAMS 0x0000000090d00000, 0x0000000090c00000| Untracked 
| 269|0x0000000090d00000, 0x0000000090e00000, 0x0000000090e00000|100%| O|  |TAMS 0x0000000090d00000, 0x0000000090d00000| Untracked 
| 270|0x0000000090e00000, 0x0000000090f00000, 0x0000000090f00000|100%| O|  |TAMS 0x0000000090f00000, 0x0000000090e00000| Untracked 
| 271|0x0000000090f00000, 0x0000000091000000, 0x0000000091000000|100%| O|  |TAMS 0x0000000090f00000, 0x0000000090f00000| Untracked 
| 272|0x0000000091000000, 0x0000000091100000, 0x0000000091100000|100%| O|  |TAMS 0x0000000091000000, 0x0000000091000000| Untracked 
| 273|0x0000000091100000, 0x0000000091200000, 0x0000000091200000|100%| O|  |TAMS 0x0000000091100000, 0x0000000091100000| Untracked 
| 274|0x0000000091200000, 0x0000000091300000, 0x0000000091300000|100%| O|  |TAMS 0x0000000091200000, 0x0000000091200000| Untracked 
| 275|0x0000000091300000, 0x0000000091400000, 0x0000000091400000|100%| O|  |TAMS 0x0000000091300000, 0x0000000091300000| Untracked 
| 276|0x0000000091400000, 0x0000000091500000, 0x0000000091500000|100%| O|  |TAMS 0x0000000091400000, 0x0000000091400000| Untracked 
| 277|0x0000000091500000, 0x0000000091600000, 0x0000000091600000|100%| O|  |TAMS 0x0000000091500000, 0x0000000091500000| Untracked 
| 278|0x0000000091600000, 0x0000000091700000, 0x0000000091700000|100%| O|  |TAMS 0x0000000091600000, 0x0000000091600000| Untracked 
| 279|0x0000000091700000, 0x0000000091800000, 0x0000000091800000|100%| O|  |TAMS 0x0000000091700000, 0x0000000091700000| Untracked 
| 280|0x0000000091800000, 0x0000000091900000, 0x0000000091900000|100%| O|  |TAMS 0x0000000091800000, 0x0000000091800000| Untracked 
| 281|0x0000000091900000, 0x0000000091a00000, 0x0000000091a00000|100%| O|  |TAMS 0x0000000091900000, 0x0000000091900000| Untracked 
| 282|0x0000000091a00000, 0x0000000091b00000, 0x0000000091b00000|100%| O|  |TAMS 0x0000000091a00000, 0x0000000091a00000| Untracked 
| 283|0x0000000091b00000, 0x0000000091c00000, 0x0000000091c00000|100%| O|  |TAMS 0x0000000091b00000, 0x0000000091b00000| Untracked 
| 284|0x0000000091c00000, 0x0000000091d00000, 0x0000000091d00000|100%| O|  |TAMS 0x0000000091c00000, 0x0000000091c00000| Untracked 
| 285|0x0000000091d00000, 0x0000000091e00000, 0x0000000091e00000|100%| O|  |TAMS 0x0000000091d00000, 0x0000000091d00000| Untracked 
| 286|0x0000000091e00000, 0x0000000091f00000, 0x0000000091f00000|100%| O|  |TAMS 0x0000000091e00000, 0x0000000091e00000| Untracked 
| 287|0x0000000091f00000, 0x0000000092000000, 0x0000000092000000|100%| O|  |TAMS 0x0000000091f00000, 0x0000000091f00000| Untracked 
| 288|0x0000000092000000, 0x0000000092100000, 0x0000000092100000|100%| O|  |TAMS 0x0000000092000000, 0x0000000092000000| Untracked 
| 289|0x0000000092100000, 0x0000000092200000, 0x0000000092200000|100%| O|  |TAMS 0x0000000092100000, 0x0000000092100000| Untracked 
| 290|0x0000000092200000, 0x0000000092300000, 0x0000000092300000|100%| O|  |TAMS 0x0000000092200000, 0x0000000092200000| Untracked 
| 291|0x0000000092300000, 0x0000000092400000, 0x0000000092400000|100%| O|  |TAMS 0x0000000092300000, 0x0000000092300000| Untracked 
| 292|0x0000000092400000, 0x0000000092500000, 0x0000000092500000|100%| O|  |TAMS 0x0000000092400000, 0x0000000092400000| Untracked 
| 293|0x0000000092500000, 0x0000000092600000, 0x0000000092600000|100%| O|  |TAMS 0x0000000092500000, 0x0000000092500000| Untracked 
| 294|0x0000000092600000, 0x0000000092700000, 0x0000000092700000|100%| O|  |TAMS 0x0000000092600000, 0x0000000092600000| Untracked 
| 295|0x0000000092700000, 0x0000000092800000, 0x0000000092800000|100%| O|  |TAMS 0x000000009271f000, 0x0000000092700000| Untracked 
| 296|0x0000000092800000, 0x0000000092900000, 0x0000000092900000|100%| O|  |TAMS 0x0000000092800000, 0x0000000092800000| Untracked 
| 297|0x0000000092900000, 0x0000000092a00000, 0x0000000092a00000|100%| O|  |TAMS 0x0000000092900000, 0x0000000092900000| Untracked 
| 298|0x0000000092a00000, 0x0000000092b00000, 0x0000000092b00000|100%| O|  |TAMS 0x0000000092a00000, 0x0000000092a00000| Untracked 
| 299|0x0000000092b00000, 0x0000000092c00000, 0x0000000092c00000|100%| O|  |TAMS 0x0000000092b00000, 0x0000000092b00000| Untracked 
| 300|0x0000000092c00000, 0x0000000092d00000, 0x0000000092d00000|100%| O|  |TAMS 0x0000000092c00000, 0x0000000092c00000| Untracked 
| 301|0x0000000092d00000, 0x0000000092e00000, 0x0000000092e00000|100%| O|  |TAMS 0x0000000092d00000, 0x0000000092d00000| Untracked 
| 302|0x0000000092e00000, 0x0000000092f00000, 0x0000000092f00000|100%| O|  |TAMS 0x0000000092e00000, 0x0000000092e00000| Untracked 
| 303|0x0000000092f00000, 0x0000000093000000, 0x0000000093000000|100%| O|  |TAMS 0x0000000092f00000, 0x0000000092f00000| Untracked 
| 304|0x0000000093000000, 0x0000000093100000, 0x0000000093100000|100%| O|  |TAMS 0x0000000093000000, 0x0000000093000000| Untracked 
| 305|0x0000000093100000, 0x0000000093200000, 0x0000000093200000|100%| O|  |TAMS 0x0000000093100000, 0x0000000093100000| Untracked 
| 306|0x0000000093200000, 0x0000000093300000, 0x0000000093300000|100%| O|  |TAMS 0x0000000093200000, 0x0000000093200000| Untracked 
| 307|0x0000000093300000, 0x0000000093400000, 0x0000000093400000|100%| O|  |TAMS 0x0000000093300000, 0x0000000093300000| Untracked 
| 308|0x0000000093400000, 0x0000000093500000, 0x0000000093500000|100%| O|  |TAMS 0x0000000093400000, 0x0000000093400000| Untracked 
| 309|0x0000000093500000, 0x0000000093600000, 0x0000000093600000|100%| O|  |TAMS 0x0000000093600000, 0x0000000093500000| Untracked 
| 310|0x0000000093600000, 0x0000000093700000, 0x0000000093700000|100%| O|  |TAMS 0x0000000093700000, 0x0000000093600000| Untracked 
| 311|0x0000000093700000, 0x0000000093800000, 0x0000000093800000|100%| O|  |TAMS 0x0000000093800000, 0x0000000093700000| Untracked 
| 312|0x0000000093800000, 0x0000000093900000, 0x0000000093900000|100%| O|  |TAMS 0x0000000093900000, 0x0000000093800000| Untracked 
| 313|0x0000000093900000, 0x0000000093a00000, 0x0000000093a00000|100%| O|  |TAMS 0x0000000093a00000, 0x0000000093900000| Untracked 
| 314|0x0000000093a00000, 0x0000000093b00000, 0x0000000093b00000|100%| O|  |TAMS 0x0000000093a00000, 0x0000000093a00000| Untracked 
| 315|0x0000000093b00000, 0x0000000093c00000, 0x0000000093c00000|100%| O|  |TAMS 0x0000000093c00000, 0x0000000093b00000| Untracked 
| 316|0x0000000093c00000, 0x0000000093d00000, 0x0000000093d00000|100%| O|  |TAMS 0x0000000093d00000, 0x0000000093c00000| Untracked 
| 317|0x0000000093d00000, 0x0000000093e00000, 0x0000000093e00000|100%| O|  |TAMS 0x0000000093e00000, 0x0000000093d00000| Untracked 
| 318|0x0000000093e00000, 0x0000000093f00000, 0x0000000093f00000|100%| O|  |TAMS 0x0000000093f00000, 0x0000000093e00000| Untracked 
| 319|0x0000000093f00000, 0x0000000094000000, 0x0000000094000000|100%| O|  |TAMS 0x0000000094000000, 0x0000000093f00000| Untracked 
| 320|0x0000000094000000, 0x0000000094100000, 0x0000000094100000|100%| O|  |TAMS 0x0000000094000000, 0x0000000094000000| Untracked 
| 321|0x0000000094100000, 0x0000000094200000, 0x0000000094200000|100%| O|  |TAMS 0x0000000094100000, 0x0000000094100000| Untracked 
| 322|0x0000000094200000, 0x0000000094300000, 0x0000000094300000|100%| O|  |TAMS 0x0000000094300000, 0x0000000094200000| Untracked 
| 323|0x0000000094300000, 0x0000000094400000, 0x0000000094400000|100%| O|  |TAMS 0x0000000094400000, 0x0000000094300000| Untracked 
| 324|0x0000000094400000, 0x0000000094500000, 0x0000000094500000|100%| O|  |TAMS 0x0000000094500000, 0x0000000094400000| Untracked 
| 325|0x0000000094500000, 0x0000000094600000, 0x0000000094600000|100%| O|  |TAMS 0x0000000094600000, 0x0000000094500000| Untracked 
| 326|0x0000000094600000, 0x0000000094700000, 0x0000000094700000|100%| O|  |TAMS 0x0000000094700000, 0x0000000094600000| Untracked 
| 327|0x0000000094700000, 0x0000000094800000, 0x0000000094800000|100%| O|  |TAMS 0x0000000094700000, 0x0000000094700000| Untracked 
| 328|0x0000000094800000, 0x0000000094900000, 0x0000000094900000|100%| O|  |TAMS 0x0000000094900000, 0x0000000094800000| Untracked 
| 329|0x0000000094900000, 0x0000000094a00000, 0x0000000094a00000|100%| O|  |TAMS 0x0000000094a00000, 0x0000000094900000| Untracked 
| 330|0x0000000094a00000, 0x0000000094b00000, 0x0000000094b00000|100%| O|  |TAMS 0x0000000094b00000, 0x0000000094a00000| Untracked 
| 331|0x0000000094b00000, 0x0000000094c00000, 0x0000000094c00000|100%| O|  |TAMS 0x0000000094b00000, 0x0000000094b00000| Untracked 
| 332|0x0000000094c00000, 0x0000000094d00000, 0x0000000094d00000|100%| O|  |TAMS 0x0000000094c00000, 0x0000000094c00000| Untracked 
| 333|0x0000000094d00000, 0x0000000094e00000, 0x0000000094e00000|100%| O|  |TAMS 0x0000000094d00000, 0x0000000094d00000| Untracked 
| 334|0x0000000094e00000, 0x0000000094f00000, 0x0000000094f00000|100%| O|  |TAMS 0x0000000094f00000, 0x0000000094e00000| Untracked 
| 335|0x0000000094f00000, 0x0000000095000000, 0x0000000095000000|100%|HS|  |TAMS 0x0000000095000000, 0x0000000094f00000| Complete 
| 336|0x0000000095000000, 0x0000000095100000, 0x0000000095100000|100%|HS|  |TAMS 0x0000000095100000, 0x0000000095000000| Complete 
| 337|0x0000000095100000, 0x0000000095200000, 0x0000000095200000|100%| O|  |TAMS 0x0000000095200000, 0x0000000095100000| Untracked 
| 338|0x0000000095200000, 0x0000000095300000, 0x0000000095300000|100%| O|  |TAMS 0x0000000095300000, 0x0000000095200000| Untracked 
| 339|0x0000000095300000, 0x0000000095400000, 0x0000000095400000|100%| O|  |TAMS 0x0000000095300000, 0x0000000095300000| Untracked 
| 340|0x0000000095400000, 0x0000000095500000, 0x0000000095500000|100%| O|  |TAMS 0x0000000095400000, 0x0000000095400000| Untracked 
| 341|0x0000000095500000, 0x0000000095600000, 0x0000000095600000|100%| O|  |TAMS 0x0000000095500000, 0x0000000095500000| Untracked 
| 342|0x0000000095600000, 0x0000000095700000, 0x0000000095700000|100%| O|  |TAMS 0x0000000095600000, 0x0000000095600000| Untracked 
| 343|0x0000000095700000, 0x0000000095800000, 0x0000000095800000|100%| O|  |TAMS 0x0000000095700000, 0x0000000095700000| Untracked 
| 344|0x0000000095800000, 0x0000000095900000, 0x0000000095900000|100%| O|  |TAMS 0x0000000095800000, 0x0000000095800000| Untracked 
| 345|0x0000000095900000, 0x0000000095a00000, 0x0000000095a00000|100%| O|  |TAMS 0x0000000095a00000, 0x0000000095900000| Untracked 
| 346|0x0000000095a00000, 0x0000000095b00000, 0x0000000095b00000|100%| O|  |TAMS 0x0000000095b00000, 0x0000000095a00000| Untracked 
| 347|0x0000000095b00000, 0x0000000095c00000, 0x0000000095c00000|100%| O|  |TAMS 0x0000000095c00000, 0x0000000095b00000| Untracked 
| 348|0x0000000095c00000, 0x0000000095d00000, 0x0000000095d00000|100%| O|  |TAMS 0x0000000095d00000, 0x0000000095c00000| Untracked 
| 349|0x0000000095d00000, 0x0000000095e00000, 0x0000000095e00000|100%| O|  |TAMS 0x0000000095e00000, 0x0000000095d00000| Untracked 
| 350|0x0000000095e00000, 0x0000000095f00000, 0x0000000095f00000|100%| O|  |TAMS 0x0000000095f00000, 0x0000000095e00000| Untracked 
| 351|0x0000000095f00000, 0x0000000096000000, 0x0000000096000000|100%| O|  |TAMS 0x0000000096000000, 0x0000000095f00000| Untracked 
| 352|0x0000000096000000, 0x0000000096100000, 0x0000000096100000|100%| O|  |TAMS 0x0000000096100000, 0x0000000096000000| Untracked 
| 353|0x0000000096100000, 0x0000000096200000, 0x0000000096200000|100%| O|  |TAMS 0x0000000096100000, 0x0000000096100000| Untracked 
| 354|0x0000000096200000, 0x0000000096300000, 0x0000000096300000|100%| O|  |TAMS 0x0000000096200000, 0x0000000096200000| Untracked 
| 355|0x0000000096300000, 0x0000000096400000, 0x0000000096400000|100%| O|  |TAMS 0x0000000096400000, 0x0000000096300000| Untracked 
| 356|0x0000000096400000, 0x0000000096500000, 0x0000000096500000|100%| O|  |TAMS 0x0000000096500000, 0x0000000096400000| Untracked 
| 357|0x0000000096500000, 0x0000000096600000, 0x0000000096600000|100%| O|  |TAMS 0x0000000096600000, 0x0000000096500000| Untracked 
| 358|0x0000000096600000, 0x0000000096700000, 0x0000000096700000|100%| O|  |TAMS 0x0000000096700000, 0x0000000096600000| Untracked 
| 359|0x0000000096700000, 0x0000000096800000, 0x0000000096800000|100%| O|  |TAMS 0x0000000096800000, 0x0000000096700000| Untracked 
| 360|0x0000000096800000, 0x0000000096900000, 0x0000000096900000|100%|HS|  |TAMS 0x0000000096900000, 0x0000000096800000| Complete 
| 361|0x0000000096900000, 0x0000000096a00000, 0x0000000096a00000|100%| O|  |TAMS 0x0000000096900000, 0x0000000096900000| Untracked 
| 362|0x0000000096a00000, 0x0000000096b00000, 0x0000000096b00000|100%| O|  |TAMS 0x0000000096a00000, 0x0000000096a00000| Untracked 
| 363|0x0000000096b00000, 0x0000000096c00000, 0x0000000096c00000|100%| O|  |TAMS 0x0000000096b00000, 0x0000000096b00000| Untracked 
| 364|0x0000000096c00000, 0x0000000096d00000, 0x0000000096d00000|100%| O|  |TAMS 0x0000000096c00000, 0x0000000096c00000| Untracked 
| 365|0x0000000096d00000, 0x0000000096e00000, 0x0000000096e00000|100%| O|  |TAMS 0x0000000096d00000, 0x0000000096d00000| Untracked 
| 366|0x0000000096e00000, 0x0000000096f00000, 0x0000000096f00000|100%|HS|  |TAMS 0x0000000096e00000, 0x0000000096e00000| Complete 
| 367|0x0000000096f00000, 0x0000000097000000, 0x0000000097000000|100%|HS|  |TAMS 0x0000000096f00000, 0x0000000096f00000| Complete 
| 368|0x0000000097000000, 0x0000000097100000, 0x0000000097100000|100%|HS|  |TAMS 0x0000000097000000, 0x0000000097000000| Complete 
| 369|0x0000000097100000, 0x0000000097200000, 0x0000000097200000|100%|HS|  |TAMS 0x0000000097100000, 0x0000000097100000| Complete 
| 370|0x0000000097200000, 0x0000000097300000, 0x0000000097300000|100%|HC|  |TAMS 0x0000000097200000, 0x0000000097200000| Complete 
| 371|0x0000000097300000, 0x0000000097400000, 0x0000000097400000|100%|HS|  |TAMS 0x0000000097300000, 0x0000000097300000| Complete 
| 372|0x0000000097400000, 0x0000000097500000, 0x0000000097500000|100%|HC|  |TAMS 0x0000000097400000, 0x0000000097400000| Complete 
| 373|0x0000000097500000, 0x0000000097600000, 0x0000000097600000|100%|HS|  |TAMS 0x0000000097500000, 0x0000000097500000| Complete 
| 374|0x0000000097600000, 0x0000000097700000, 0x0000000097700000|100%| O|  |TAMS 0x0000000097600000, 0x0000000097600000| Untracked 
| 375|0x0000000097700000, 0x0000000097800000, 0x0000000097800000|100%| O|  |TAMS 0x0000000097700000, 0x0000000097700000| Untracked 
| 376|0x0000000097800000, 0x0000000097900000, 0x0000000097900000|100%| O|  |TAMS 0x0000000097800000, 0x0000000097800000| Untracked 
| 377|0x0000000097900000, 0x0000000097a00000, 0x0000000097a00000|100%| O|  |TAMS 0x0000000097900000, 0x0000000097900000| Untracked 
| 378|0x0000000097a00000, 0x0000000097b00000, 0x0000000097b00000|100%| O|  |TAMS 0x0000000097a00000, 0x0000000097a00000| Untracked 
| 379|0x0000000097b00000, 0x0000000097c00000, 0x0000000097c00000|100%| O|  |TAMS 0x0000000097b00000, 0x0000000097b00000| Untracked 
| 380|0x0000000097c00000, 0x0000000097d00000, 0x0000000097d00000|100%| O|  |TAMS 0x0000000097c00000, 0x0000000097c00000| Untracked 
| 381|0x0000000097d00000, 0x0000000097e00000, 0x0000000097e00000|100%| O|  |TAMS 0x0000000097d00000, 0x0000000097d00000| Untracked 
| 382|0x0000000097e00000, 0x0000000097f00000, 0x0000000097f00000|100%| O|  |TAMS 0x0000000097e00000, 0x0000000097e00000| Untracked 
| 383|0x0000000097f00000, 0x0000000098000000, 0x0000000098000000|100%| O|  |TAMS 0x0000000097f00000, 0x0000000097f00000| Untracked 
| 384|0x0000000098000000, 0x0000000098100000, 0x0000000098100000|100%| O|  |TAMS 0x0000000098000000, 0x0000000098000000| Untracked 
| 385|0x0000000098100000, 0x0000000098200000, 0x0000000098200000|100%| O|  |TAMS 0x0000000098100000, 0x0000000098100000| Untracked 
| 386|0x0000000098200000, 0x0000000098300000, 0x0000000098300000|100%| O|  |TAMS 0x0000000098200000, 0x0000000098200000| Untracked 
| 387|0x0000000098300000, 0x0000000098400000, 0x0000000098400000|100%| O|  |TAMS 0x0000000098400000, 0x0000000098300000| Untracked 
| 388|0x0000000098400000, 0x0000000098500000, 0x0000000098500000|100%| O|  |TAMS 0x0000000098500000, 0x0000000098400000| Untracked 
| 389|0x0000000098500000, 0x0000000098600000, 0x0000000098600000|100%| O|  |TAMS 0x0000000098500000, 0x0000000098500000| Untracked 
| 390|0x0000000098600000, 0x0000000098700000, 0x0000000098700000|100%| O|  |TAMS 0x0000000098700000, 0x0000000098600000| Untracked 
| 391|0x0000000098700000, 0x0000000098800000, 0x0000000098800000|100%| O|  |TAMS 0x0000000098800000, 0x0000000098700000| Untracked 
| 392|0x0000000098800000, 0x0000000098900000, 0x0000000098900000|100%| O|  |TAMS 0x0000000098900000, 0x0000000098800000| Untracked 
| 393|0x0000000098900000, 0x0000000098a00000, 0x0000000098a00000|100%| O|  |TAMS 0x0000000098a00000, 0x0000000098900000| Untracked 
| 394|0x0000000098a00000, 0x0000000098b00000, 0x0000000098b00000|100%|HS|  |TAMS 0x0000000098b00000, 0x0000000098a00000| Complete 
| 395|0x0000000098b00000, 0x0000000098c00000, 0x0000000098c00000|100%|HC|  |TAMS 0x0000000098c00000, 0x0000000098b00000| Complete 
| 396|0x0000000098c00000, 0x0000000098d00000, 0x0000000098d00000|100%|HC|  |TAMS 0x0000000098d00000, 0x0000000098c00000| Complete 
| 397|0x0000000098d00000, 0x0000000098e00000, 0x0000000098e00000|100%|HS|  |TAMS 0x0000000098e00000, 0x0000000098d00000| Complete 
| 398|0x0000000098e00000, 0x0000000098f00000, 0x0000000098f00000|100%|HS|  |TAMS 0x0000000098f00000, 0x0000000098e00000| Complete 
| 399|0x0000000098f00000, 0x0000000099000000, 0x0000000099000000|100%|HC|  |TAMS 0x0000000099000000, 0x0000000098f00000| Complete 
| 400|0x0000000099000000, 0x0000000099100000, 0x0000000099100000|100%|HS|  |TAMS 0x0000000099100000, 0x0000000099000000| Complete 
| 401|0x0000000099100000, 0x0000000099200000, 0x0000000099200000|100%|HS|  |TAMS 0x0000000099200000, 0x0000000099100000| Complete 
| 402|0x0000000099200000, 0x0000000099300000, 0x0000000099300000|100%|HS|  |TAMS 0x0000000099300000, 0x0000000099200000| Complete 
| 403|0x0000000099300000, 0x0000000099400000, 0x0000000099400000|100%|HC|  |TAMS 0x0000000099400000, 0x0000000099300000| Complete 
| 404|0x0000000099400000, 0x0000000099500000, 0x0000000099500000|100%|HS|  |TAMS 0x0000000099500000, 0x0000000099400000| Complete 
| 405|0x0000000099500000, 0x0000000099600000, 0x0000000099600000|100%|HS|  |TAMS 0x0000000099600000, 0x0000000099500000| Complete 
| 406|0x0000000099600000, 0x0000000099700000, 0x0000000099700000|100%|HC|  |TAMS 0x0000000099700000, 0x0000000099600000| Complete 
| 407|0x0000000099700000, 0x0000000099800000, 0x0000000099800000|100%|HS|  |TAMS 0x0000000099800000, 0x0000000099700000| Complete 
| 408|0x0000000099800000, 0x0000000099900000, 0x0000000099900000|100%|HC|  |TAMS 0x0000000099900000, 0x0000000099800000| Complete 
| 409|0x0000000099900000, 0x0000000099a00000, 0x0000000099a00000|100%|HS|  |TAMS 0x0000000099a00000, 0x0000000099900000| Complete 
| 410|0x0000000099a00000, 0x0000000099b00000, 0x0000000099b00000|100%|HS|  |TAMS 0x0000000099b00000, 0x0000000099a00000| Complete 
| 411|0x0000000099b00000, 0x0000000099c00000, 0x0000000099c00000|100%|HC|  |TAMS 0x0000000099c00000, 0x0000000099b00000| Complete 
| 412|0x0000000099c00000, 0x0000000099d00000, 0x0000000099d00000|100%|HC|  |TAMS 0x0000000099d00000, 0x0000000099c00000| Complete 
| 413|0x0000000099d00000, 0x0000000099e00000, 0x0000000099e00000|100%|HS|  |TAMS 0x0000000099e00000, 0x0000000099d00000| Complete 
| 414|0x0000000099e00000, 0x0000000099f00000, 0x0000000099f00000|100%|HC|  |TAMS 0x0000000099f00000, 0x0000000099e00000| Complete 
| 415|0x0000000099f00000, 0x000000009a000000, 0x000000009a000000|100%|HC|  |TAMS 0x000000009a000000, 0x0000000099f00000| Complete 
| 416|0x000000009a000000, 0x000000009a100000, 0x000000009a100000|100%| O|  |TAMS 0x000000009a000000, 0x000000009a000000| Untracked 
| 417|0x000000009a100000, 0x000000009a200000, 0x000000009a200000|100%| O|  |TAMS 0x000000009a100000, 0x000000009a100000| Untracked 
| 418|0x000000009a200000, 0x000000009a300000, 0x000000009a300000|100%| O|  |TAMS 0x000000009a200000, 0x000000009a200000| Untracked 
| 419|0x000000009a300000, 0x000000009a400000, 0x000000009a400000|100%| O|  |TAMS 0x000000009a300000, 0x000000009a300000| Untracked 
| 420|0x000000009a400000, 0x000000009a500000, 0x000000009a500000|100%| O|  |TAMS 0x000000009a400000, 0x000000009a400000| Untracked 
| 421|0x000000009a500000, 0x000000009a600000, 0x000000009a600000|100%| O|  |TAMS 0x000000009a500000, 0x000000009a500000| Untracked 
| 422|0x000000009a600000, 0x000000009a700000, 0x000000009a700000|100%|HS|  |TAMS 0x000000009a600000, 0x000000009a600000| Complete 
| 423|0x000000009a700000, 0x000000009a800000, 0x000000009a800000|100%|HC|  |TAMS 0x000000009a700000, 0x000000009a700000| Complete 
| 424|0x000000009a800000, 0x000000009a900000, 0x000000009a900000|100%|HC|  |TAMS 0x000000009a800000, 0x000000009a800000| Complete 
| 425|0x000000009a900000, 0x000000009aa00000, 0x000000009aa00000|100%| O|  |TAMS 0x000000009a900000, 0x000000009a900000| Untracked 
| 426|0x000000009aa00000, 0x000000009ab00000, 0x000000009ab00000|100%|HS|  |TAMS 0x000000009aa00000, 0x000000009aa00000| Complete 
| 427|0x000000009ab00000, 0x000000009ac00000, 0x000000009ac00000|100%| O|  |TAMS 0x000000009ab00000, 0x000000009ab00000| Untracked 
| 428|0x000000009ac00000, 0x000000009ad00000, 0x000000009ad00000|100%|HS|  |TAMS 0x000000009ac00000, 0x000000009ac00000| Complete 
| 429|0x000000009ad00000, 0x000000009ae00000, 0x000000009ae00000|100%| O|  |TAMS 0x000000009ad00000, 0x000000009ad00000| Untracked 
| 430|0x000000009ae00000, 0x000000009af00000, 0x000000009af00000|100%|HS|  |TAMS 0x000000009ae00000, 0x000000009ae00000| Complete 
| 431|0x000000009af00000, 0x000000009b000000, 0x000000009b000000|100%| O|  |TAMS 0x000000009af00000, 0x000000009af00000| Untracked 
| 432|0x000000009b000000, 0x000000009b100000, 0x000000009b100000|100%|HS|  |TAMS 0x000000009b000000, 0x000000009b000000| Complete 
| 433|0x000000009b100000, 0x000000009b200000, 0x000000009b200000|100%| O|  |TAMS 0x000000009b100000, 0x000000009b100000| Untracked 
| 434|0x000000009b200000, 0x000000009b300000, 0x000000009b300000|100%| O|  |TAMS 0x000000009b200000, 0x000000009b200000| Untracked 
| 435|0x000000009b300000, 0x000000009b400000, 0x000000009b400000|100%| O|  |TAMS 0x000000009b300000, 0x000000009b300000| Untracked 
| 436|0x000000009b400000, 0x000000009b500000, 0x000000009b500000|100%|HS|  |TAMS 0x000000009b400000, 0x000000009b400000| Complete 
| 437|0x000000009b500000, 0x000000009b600000, 0x000000009b600000|100%|HC|  |TAMS 0x000000009b500000, 0x000000009b500000| Complete 
| 438|0x000000009b600000, 0x000000009b700000, 0x000000009b700000|100%| O|  |TAMS 0x000000009b600000, 0x000000009b600000| Untracked 
| 439|0x000000009b700000, 0x000000009b800000, 0x000000009b800000|100%|HS|  |TAMS 0x000000009b700000, 0x000000009b700000| Complete 
| 440|0x000000009b800000, 0x000000009b900000, 0x000000009b900000|100%| O|  |TAMS 0x000000009b800000, 0x000000009b800000| Untracked 
| 441|0x000000009b900000, 0x000000009ba00000, 0x000000009ba00000|100%|HS|  |TAMS 0x000000009b900000, 0x000000009b900000| Complete 
| 442|0x000000009ba00000, 0x000000009bb00000, 0x000000009bb00000|100%| O|  |TAMS 0x000000009ba00000, 0x000000009ba00000| Untracked 
| 443|0x000000009bb00000, 0x000000009bc00000, 0x000000009bc00000|100%| O|  |TAMS 0x000000009bb00000, 0x000000009bb00000| Untracked 
| 444|0x000000009bc00000, 0x000000009bd00000, 0x000000009bd00000|100%| O|  |TAMS 0x000000009bc00000, 0x000000009bc00000| Untracked 
| 445|0x000000009bd00000, 0x000000009be00000, 0x000000009be00000|100%|HS|  |TAMS 0x000000009bd00000, 0x000000009bd00000| Complete 
| 446|0x000000009be00000, 0x000000009bf00000, 0x000000009bf00000|100%|HC|  |TAMS 0x000000009be00000, 0x000000009be00000| Complete 
| 447|0x000000009bf00000, 0x000000009c000000, 0x000000009c000000|100%| O|  |TAMS 0x000000009bf00000, 0x000000009bf00000| Untracked 
| 448|0x000000009c000000, 0x000000009c100000, 0x000000009c100000|100%|HS|  |TAMS 0x000000009c000000, 0x000000009c000000| Complete 
| 449|0x000000009c100000, 0x000000009c200000, 0x000000009c200000|100%| O|  |TAMS 0x000000009c100000, 0x000000009c100000| Untracked 
| 450|0x000000009c200000, 0x000000009c300000, 0x000000009c300000|100%| O|  |TAMS 0x000000009c200000, 0x000000009c200000| Untracked 
| 451|0x000000009c300000, 0x000000009c400000, 0x000000009c400000|100%| O|  |TAMS 0x000000009c300000, 0x000000009c300000| Untracked 
| 452|0x000000009c400000, 0x000000009c500000, 0x000000009c500000|100%|HS|  |TAMS 0x000000009c400000, 0x000000009c400000| Complete 
| 453|0x000000009c500000, 0x000000009c600000, 0x000000009c600000|100%|HC|  |TAMS 0x000000009c500000, 0x000000009c500000| Complete 
| 454|0x000000009c600000, 0x000000009c700000, 0x000000009c700000|100%| O|  |TAMS 0x000000009c600000, 0x000000009c600000| Untracked 
| 455|0x000000009c700000, 0x000000009c800000, 0x000000009c800000|100%| O|  |TAMS 0x000000009c700000, 0x000000009c700000| Untracked 
| 456|0x000000009c800000, 0x000000009c900000, 0x000000009c900000|100%| O|  |TAMS 0x000000009c800000, 0x000000009c800000| Untracked 
| 457|0x000000009c900000, 0x000000009ca00000, 0x000000009ca00000|100%|HS|  |TAMS 0x000000009c900000, 0x000000009c900000| Complete 
| 458|0x000000009ca00000, 0x000000009cb00000, 0x000000009cb00000|100%|HC|  |TAMS 0x000000009ca00000, 0x000000009ca00000| Complete 
| 459|0x000000009cb00000, 0x000000009cc00000, 0x000000009cc00000|100%| O|  |TAMS 0x000000009cb00000, 0x000000009cb00000| Untracked 
| 460|0x000000009cc00000, 0x000000009cd00000, 0x000000009cd00000|100%|HS|  |TAMS 0x000000009cc00000, 0x000000009cc00000| Complete 
| 461|0x000000009cd00000, 0x000000009ce00000, 0x000000009ce00000|100%| O|  |TAMS 0x000000009cd00000, 0x000000009cd00000| Untracked 
| 462|0x000000009ce00000, 0x000000009cf00000, 0x000000009cf00000|100%| O|  |TAMS 0x000000009ce00000, 0x000000009ce00000| Untracked 
| 463|0x000000009cf00000, 0x000000009d000000, 0x000000009d000000|100%| O|  |TAMS 0x000000009cf00000, 0x000000009cf00000| Untracked 
| 464|0x000000009d000000, 0x000000009d100000, 0x000000009d100000|100%| O|  |TAMS 0x000000009d000000, 0x000000009d000000| Untracked 
| 465|0x000000009d100000, 0x000000009d200000, 0x000000009d200000|100%| O|  |TAMS 0x000000009d100000, 0x000000009d100000| Untracked 
| 466|0x000000009d200000, 0x000000009d300000, 0x000000009d300000|100%| O|  |TAMS 0x000000009d200000, 0x000000009d200000| Untracked 
| 467|0x000000009d300000, 0x000000009d400000, 0x000000009d400000|100%|HS|  |TAMS 0x000000009d300000, 0x000000009d300000| Complete 
| 468|0x000000009d400000, 0x000000009d500000, 0x000000009d500000|100%|HC|  |TAMS 0x000000009d400000, 0x000000009d400000| Complete 
| 469|0x000000009d500000, 0x000000009d600000, 0x000000009d600000|100%|HC|  |TAMS 0x000000009d500000, 0x000000009d500000| Complete 
| 470|0x000000009d600000, 0x000000009d700000, 0x000000009d700000|100%| O|  |TAMS 0x000000009d600000, 0x000000009d600000| Untracked 
| 471|0x000000009d700000, 0x000000009d800000, 0x000000009d800000|100%| O|  |TAMS 0x000000009d700000, 0x000000009d700000| Untracked 
| 472|0x000000009d800000, 0x000000009d900000, 0x000000009d900000|100%| O|  |TAMS 0x000000009d800000, 0x000000009d800000| Untracked 
| 473|0x000000009d900000, 0x000000009da00000, 0x000000009da00000|100%| O|  |TAMS 0x000000009d900000, 0x000000009d900000| Untracked 
| 474|0x000000009da00000, 0x000000009db00000, 0x000000009db00000|100%| O|  |TAMS 0x000000009da00000, 0x000000009da00000| Untracked 
| 475|0x000000009db00000, 0x000000009dc00000, 0x000000009dc00000|100%| O|  |TAMS 0x000000009db00000, 0x000000009db00000| Untracked 
| 476|0x000000009dc00000, 0x000000009dd00000, 0x000000009dd00000|100%|HS|  |TAMS 0x000000009dc00000, 0x000000009dc00000| Complete 
| 477|0x000000009dd00000, 0x000000009de00000, 0x000000009de00000|100%|HC|  |TAMS 0x000000009dd00000, 0x000000009dd00000| Complete 
| 478|0x000000009de00000, 0x000000009df00000, 0x000000009df00000|100%|HC|  |TAMS 0x000000009de00000, 0x000000009de00000| Complete 
| 479|0x000000009df00000, 0x000000009e000000, 0x000000009e000000|100%| O|  |TAMS 0x000000009df00000, 0x000000009df00000| Untracked 
| 480|0x000000009e000000, 0x000000009e100000, 0x000000009e100000|100%| O|  |TAMS 0x000000009e000000, 0x000000009e000000| Untracked 
| 481|0x000000009e100000, 0x000000009e200000, 0x000000009e200000|100%| O|  |TAMS 0x000000009e100000, 0x000000009e100000| Untracked 
| 482|0x000000009e200000, 0x000000009e300000, 0x000000009e300000|100%| O|  |TAMS 0x000000009e200000, 0x000000009e200000| Untracked 
| 483|0x000000009e300000, 0x000000009e400000, 0x000000009e400000|100%| O|  |TAMS 0x000000009e300000, 0x000000009e300000| Untracked 
| 484|0x000000009e400000, 0x000000009e500000, 0x000000009e500000|100%| O|  |TAMS 0x000000009e400000, 0x000000009e400000| Untracked 
| 485|0x000000009e500000, 0x000000009e600000, 0x000000009e600000|100%| O|  |TAMS 0x000000009e500000, 0x000000009e500000| Untracked 
| 486|0x000000009e600000, 0x000000009e700000, 0x000000009e700000|100%| O|  |TAMS 0x000000009e600000, 0x000000009e600000| Untracked 
| 487|0x000000009e700000, 0x000000009e800000, 0x000000009e800000|100%| O|  |TAMS 0x000000009e700000, 0x000000009e700000| Untracked 
| 488|0x000000009e800000, 0x000000009e900000, 0x000000009e900000|100%| O|  |TAMS 0x000000009e800000, 0x000000009e800000| Untracked 
| 489|0x000000009e900000, 0x000000009ea00000, 0x000000009ea00000|100%| O|  |TAMS 0x000000009e900000, 0x000000009e900000| Untracked 
| 490|0x000000009ea00000, 0x000000009eb00000, 0x000000009eb00000|100%| O|  |TAMS 0x000000009ea00000, 0x000000009ea00000| Untracked 
| 491|0x000000009eb00000, 0x000000009ec00000, 0x000000009ec00000|100%| O|  |TAMS 0x000000009eb00000, 0x000000009eb00000| Untracked 
| 492|0x000000009ec00000, 0x000000009ed00000, 0x000000009ed00000|100%| O|  |TAMS 0x000000009ec00000, 0x000000009ec00000| Untracked 
| 493|0x000000009ed00000, 0x000000009ee00000, 0x000000009ee00000|100%| O|  |TAMS 0x000000009ed00000, 0x000000009ed00000| Untracked 
| 494|0x000000009ee00000, 0x000000009ef00000, 0x000000009ef00000|100%| O|  |TAMS 0x000000009ee00000, 0x000000009ee00000| Untracked 
| 495|0x000000009ef00000, 0x000000009f000000, 0x000000009f000000|100%| O|  |TAMS 0x000000009ef00000, 0x000000009ef00000| Untracked 
| 496|0x000000009f000000, 0x000000009f100000, 0x000000009f100000|100%| O|  |TAMS 0x000000009f000000, 0x000000009f000000| Untracked 
| 497|0x000000009f100000, 0x000000009f200000, 0x000000009f200000|100%| O|  |TAMS 0x000000009f100000, 0x000000009f100000| Untracked 
| 498|0x000000009f200000, 0x000000009f300000, 0x000000009f300000|100%| O|  |TAMS 0x000000009f200000, 0x000000009f200000| Untracked 
| 499|0x000000009f300000, 0x000000009f400000, 0x000000009f400000|100%| O|  |TAMS 0x000000009f300000, 0x000000009f300000| Untracked 
| 500|0x000000009f400000, 0x000000009f500000, 0x000000009f500000|100%| O|  |TAMS 0x000000009f400000, 0x000000009f400000| Untracked 
| 501|0x000000009f500000, 0x000000009f600000, 0x000000009f600000|100%| O|  |TAMS 0x000000009f500000, 0x000000009f500000| Untracked 
| 502|0x000000009f600000, 0x000000009f700000, 0x000000009f700000|100%| O|  |TAMS 0x000000009f600000, 0x000000009f600000| Untracked 
| 503|0x000000009f700000, 0x000000009f800000, 0x000000009f800000|100%| O|  |TAMS 0x000000009f700000, 0x000000009f700000| Untracked 
| 504|0x000000009f800000, 0x000000009f900000, 0x000000009f900000|100%| O|  |TAMS 0x000000009f800000, 0x000000009f800000| Untracked 
| 505|0x000000009f900000, 0x000000009fa00000, 0x000000009fa00000|100%| O|  |TAMS 0x000000009f900000, 0x000000009f900000| Untracked 
| 506|0x000000009fa00000, 0x000000009fb00000, 0x000000009fb00000|100%| O|  |TAMS 0x000000009fa00000, 0x000000009fa00000| Untracked 
| 507|0x000000009fb00000, 0x000000009fc00000, 0x000000009fc00000|100%| O|  |TAMS 0x000000009fb00000, 0x000000009fb00000| Untracked 
| 508|0x000000009fc00000, 0x000000009fd00000, 0x000000009fd00000|100%| O|  |TAMS 0x000000009fc00000, 0x000000009fc00000| Untracked 
| 509|0x000000009fd00000, 0x000000009fe00000, 0x000000009fe00000|100%| O|  |TAMS 0x000000009fd00000, 0x000000009fd00000| Untracked 
| 510|0x000000009fe00000, 0x000000009ff00000, 0x000000009ff00000|100%| O|  |TAMS 0x000000009fe00000, 0x000000009fe00000| Untracked 
| 511|0x000000009ff00000, 0x00000000a0000000, 0x00000000a0000000|100%| O|  |TAMS 0x000000009ff00000, 0x000000009ff00000| Untracked 
| 512|0x00000000a0000000, 0x00000000a0100000, 0x00000000a0100000|100%| O|  |TAMS 0x00000000a0000000, 0x00000000a0000000| Untracked 
| 513|0x00000000a0100000, 0x00000000a0200000, 0x00000000a0200000|100%| O|  |TAMS 0x00000000a0100000, 0x00000000a0100000| Untracked 
| 514|0x00000000a0200000, 0x00000000a0300000, 0x00000000a0300000|100%| O|  |TAMS 0x00000000a0200000, 0x00000000a0200000| Untracked 
| 515|0x00000000a0300000, 0x00000000a0400000, 0x00000000a0400000|100%| O|  |TAMS 0x00000000a0300000, 0x00000000a0300000| Untracked 
| 516|0x00000000a0400000, 0x00000000a0500000, 0x00000000a0500000|100%| O|  |TAMS 0x00000000a0400000, 0x00000000a0400000| Untracked 
| 517|0x00000000a0500000, 0x00000000a0600000, 0x00000000a0600000|100%| O|  |TAMS 0x00000000a0500000, 0x00000000a0500000| Untracked 
| 518|0x00000000a0600000, 0x00000000a0700000, 0x00000000a0700000|100%| O|  |TAMS 0x00000000a0600000, 0x00000000a0600000| Untracked 
| 519|0x00000000a0700000, 0x00000000a0800000, 0x00000000a0800000|100%| O|  |TAMS 0x00000000a0700000, 0x00000000a0700000| Untracked 
| 520|0x00000000a0800000, 0x00000000a0900000, 0x00000000a0900000|100%| O|  |TAMS 0x00000000a0800000, 0x00000000a0800000| Untracked 
| 521|0x00000000a0900000, 0x00000000a0a00000, 0x00000000a0a00000|100%| O|  |TAMS 0x00000000a0900000, 0x00000000a0900000| Untracked 
| 522|0x00000000a0a00000, 0x00000000a0b00000, 0x00000000a0b00000|100%| O|  |TAMS 0x00000000a0a00000, 0x00000000a0a00000| Untracked 
| 523|0x00000000a0b00000, 0x00000000a0c00000, 0x00000000a0c00000|100%| O|  |TAMS 0x00000000a0b00000, 0x00000000a0b00000| Untracked 
| 524|0x00000000a0c00000, 0x00000000a0d00000, 0x00000000a0d00000|100%| O|  |TAMS 0x00000000a0c00000, 0x00000000a0c00000| Untracked 
| 525|0x00000000a0d00000, 0x00000000a0e00000, 0x00000000a0e00000|100%| O|  |TAMS 0x00000000a0d00000, 0x00000000a0d00000| Untracked 
| 526|0x00000000a0e00000, 0x00000000a0f00000, 0x00000000a0f00000|100%| O|  |TAMS 0x00000000a0e00000, 0x00000000a0e00000| Untracked 
| 527|0x00000000a0f00000, 0x00000000a1000000, 0x00000000a1000000|100%| O|  |TAMS 0x00000000a0f00000, 0x00000000a0f00000| Untracked 
| 528|0x00000000a1000000, 0x00000000a1100000, 0x00000000a1100000|100%| O|  |TAMS 0x00000000a1000000, 0x00000000a1000000| Untracked 
| 529|0x00000000a1100000, 0x00000000a1180000, 0x00000000a1200000| 50%| O|  |TAMS 0x00000000a1100000, 0x00000000a1100000| Untracked 
| 530|0x00000000a1200000, 0x00000000a1200000, 0x00000000a1300000|  0%| F|  |TAMS 0x00000000a1200000, 0x00000000a1200000| Untracked 
| 531|0x00000000a1300000, 0x00000000a1300000, 0x00000000a1400000|  0%| F|  |TAMS 0x00000000a1300000, 0x00000000a1300000| Untracked 
| 532|0x00000000a1400000, 0x00000000a1400000, 0x00000000a1500000|  0%| F|  |TAMS 0x00000000a1400000, 0x00000000a1400000| Untracked 
| 533|0x00000000a1500000, 0x00000000a1500000, 0x00000000a1600000|  0%| F|  |TAMS 0x00000000a1500000, 0x00000000a1500000| Untracked 
| 534|0x00000000a1600000, 0x00000000a1600000, 0x00000000a1700000|  0%| F|  |TAMS 0x00000000a1600000, 0x00000000a1600000| Untracked 
| 535|0x00000000a1700000, 0x00000000a1700000, 0x00000000a1800000|  0%| F|  |TAMS 0x00000000a1700000, 0x00000000a1700000| Untracked 
| 536|0x00000000a1800000, 0x00000000a1800000, 0x00000000a1900000|  0%| F|  |TAMS 0x00000000a1800000, 0x00000000a1800000| Untracked 
| 537|0x00000000a1900000, 0x00000000a1900000, 0x00000000a1a00000|  0%| F|  |TAMS 0x00000000a1900000, 0x00000000a1900000| Untracked 
| 538|0x00000000a1a00000, 0x00000000a1a00000, 0x00000000a1b00000|  0%| F|  |TAMS 0x00000000a1a00000, 0x00000000a1a00000| Untracked 
| 539|0x00000000a1b00000, 0x00000000a1b00000, 0x00000000a1c00000|  0%| F|  |TAMS 0x00000000a1b00000, 0x00000000a1b00000| Untracked 
| 540|0x00000000a1c00000, 0x00000000a1c00000, 0x00000000a1d00000|  0%| F|  |TAMS 0x00000000a1c00000, 0x00000000a1c00000| Untracked 
| 541|0x00000000a1d00000, 0x00000000a1d00000, 0x00000000a1e00000|  0%| F|  |TAMS 0x00000000a1d00000, 0x00000000a1d00000| Untracked 
| 542|0x00000000a1e00000, 0x00000000a1e00000, 0x00000000a1f00000|  0%| F|  |TAMS 0x00000000a1e00000, 0x00000000a1e00000| Untracked 
| 543|0x00000000a1f00000, 0x00000000a1f00000, 0x00000000a2000000|  0%| F|  |TAMS 0x00000000a1f00000, 0x00000000a1f00000| Untracked 
| 544|0x00000000a2000000, 0x00000000a2000000, 0x00000000a2100000|  0%| F|  |TAMS 0x00000000a2000000, 0x00000000a2000000| Untracked 
| 545|0x00000000a2100000, 0x00000000a2100000, 0x00000000a2200000|  0%| F|  |TAMS 0x00000000a2100000, 0x00000000a2100000| Untracked 
| 546|0x00000000a2200000, 0x00000000a2200000, 0x00000000a2300000|  0%| F|  |TAMS 0x00000000a2200000, 0x00000000a2200000| Untracked 
| 547|0x00000000a2300000, 0x00000000a2300000, 0x00000000a2400000|  0%| F|  |TAMS 0x00000000a2300000, 0x00000000a2300000| Untracked 
| 548|0x00000000a2400000, 0x00000000a2400000, 0x00000000a2500000|  0%| F|  |TAMS 0x00000000a2400000, 0x00000000a2400000| Untracked 
| 549|0x00000000a2500000, 0x00000000a2500000, 0x00000000a2600000|  0%| F|  |TAMS 0x00000000a2500000, 0x00000000a2500000| Untracked 
| 550|0x00000000a2600000, 0x00000000a2600000, 0x00000000a2700000|  0%| F|  |TAMS 0x00000000a2600000, 0x00000000a2600000| Untracked 
| 551|0x00000000a2700000, 0x00000000a2700000, 0x00000000a2800000|  0%| F|  |TAMS 0x00000000a2700000, 0x00000000a2700000| Untracked 
| 552|0x00000000a2800000, 0x00000000a2800000, 0x00000000a2900000|  0%| F|  |TAMS 0x00000000a2800000, 0x00000000a2800000| Untracked 
| 553|0x00000000a2900000, 0x00000000a2900000, 0x00000000a2a00000|  0%| F|  |TAMS 0x00000000a2900000, 0x00000000a2900000| Untracked 
| 554|0x00000000a2a00000, 0x00000000a2a00000, 0x00000000a2b00000|  0%| F|  |TAMS 0x00000000a2a00000, 0x00000000a2a00000| Untracked 
| 555|0x00000000a2b00000, 0x00000000a2b00000, 0x00000000a2c00000|  0%| F|  |TAMS 0x00000000a2b00000, 0x00000000a2b00000| Untracked 
| 556|0x00000000a2c00000, 0x00000000a2c00000, 0x00000000a2d00000|  0%| F|  |TAMS 0x00000000a2c00000, 0x00000000a2c00000| Untracked 
| 557|0x00000000a2d00000, 0x00000000a2d00000, 0x00000000a2e00000|  0%| F|  |TAMS 0x00000000a2d00000, 0x00000000a2d00000| Untracked 
| 558|0x00000000a2e00000, 0x00000000a2e00000, 0x00000000a2f00000|  0%| F|  |TAMS 0x00000000a2e00000, 0x00000000a2e00000| Untracked 
| 559|0x00000000a2f00000, 0x00000000a2f00000, 0x00000000a3000000|  0%| F|  |TAMS 0x00000000a2f00000, 0x00000000a2f00000| Untracked 
| 560|0x00000000a3000000, 0x00000000a3000000, 0x00000000a3100000|  0%| F|  |TAMS 0x00000000a3000000, 0x00000000a3000000| Untracked 
| 561|0x00000000a3100000, 0x00000000a3100000, 0x00000000a3200000|  0%| F|  |TAMS 0x00000000a3100000, 0x00000000a3100000| Untracked 
| 562|0x00000000a3200000, 0x00000000a3200000, 0x00000000a3300000|  0%| F|  |TAMS 0x00000000a3200000, 0x00000000a3200000| Untracked 
| 563|0x00000000a3300000, 0x00000000a3300000, 0x00000000a3400000|  0%| F|  |TAMS 0x00000000a3300000, 0x00000000a3300000| Untracked 
| 564|0x00000000a3400000, 0x00000000a3400000, 0x00000000a3500000|  0%| F|  |TAMS 0x00000000a3400000, 0x00000000a3400000| Untracked 
| 565|0x00000000a3500000, 0x00000000a3500000, 0x00000000a3600000|  0%| F|  |TAMS 0x00000000a3500000, 0x00000000a3500000| Untracked 
| 566|0x00000000a3600000, 0x00000000a3600000, 0x00000000a3700000|  0%| F|  |TAMS 0x00000000a3600000, 0x00000000a3600000| Untracked 
| 567|0x00000000a3700000, 0x00000000a3700000, 0x00000000a3800000|  0%| F|  |TAMS 0x00000000a3700000, 0x00000000a3700000| Untracked 
| 568|0x00000000a3800000, 0x00000000a3800000, 0x00000000a3900000|  0%| F|  |TAMS 0x00000000a3800000, 0x00000000a3800000| Untracked 
| 569|0x00000000a3900000, 0x00000000a3900000, 0x00000000a3a00000|  0%| F|  |TAMS 0x00000000a3900000, 0x00000000a3900000| Untracked 
| 570|0x00000000a3a00000, 0x00000000a3a00000, 0x00000000a3b00000|  0%| F|  |TAMS 0x00000000a3a00000, 0x00000000a3a00000| Untracked 
| 571|0x00000000a3b00000, 0x00000000a3b00000, 0x00000000a3c00000|  0%| F|  |TAMS 0x00000000a3b00000, 0x00000000a3b00000| Untracked 
| 572|0x00000000a3c00000, 0x00000000a3c00000, 0x00000000a3d00000|  0%| F|  |TAMS 0x00000000a3c00000, 0x00000000a3c00000| Untracked 
| 573|0x00000000a3d00000, 0x00000000a3d00000, 0x00000000a3e00000|  0%| F|  |TAMS 0x00000000a3d00000, 0x00000000a3d00000| Untracked 
| 574|0x00000000a3e00000, 0x00000000a3e00000, 0x00000000a3f00000|  0%| F|  |TAMS 0x00000000a3e00000, 0x00000000a3e00000| Untracked 
| 575|0x00000000a3f00000, 0x00000000a3f00000, 0x00000000a4000000|  0%| F|  |TAMS 0x00000000a3f00000, 0x00000000a3f00000| Untracked 
| 576|0x00000000a4000000, 0x00000000a4000000, 0x00000000a4100000|  0%| F|  |TAMS 0x00000000a4000000, 0x00000000a4000000| Untracked 
| 577|0x00000000a4100000, 0x00000000a4100000, 0x00000000a4200000|  0%| F|  |TAMS 0x00000000a4100000, 0x00000000a4100000| Untracked 
| 578|0x00000000a4200000, 0x00000000a4200000, 0x00000000a4300000|  0%| F|  |TAMS 0x00000000a4200000, 0x00000000a4200000| Untracked 
| 579|0x00000000a4300000, 0x00000000a4300000, 0x00000000a4400000|  0%| F|  |TAMS 0x00000000a4300000, 0x00000000a4300000| Untracked 
| 580|0x00000000a4400000, 0x00000000a4400000, 0x00000000a4500000|  0%| F|  |TAMS 0x00000000a4400000, 0x00000000a4400000| Untracked 
| 581|0x00000000a4500000, 0x00000000a4500000, 0x00000000a4600000|  0%| F|  |TAMS 0x00000000a4500000, 0x00000000a4500000| Untracked 
| 582|0x00000000a4600000, 0x00000000a4600000, 0x00000000a4700000|  0%| F|  |TAMS 0x00000000a4600000, 0x00000000a4600000| Untracked 
| 583|0x00000000a4700000, 0x00000000a4700000, 0x00000000a4800000|  0%| F|  |TAMS 0x00000000a4700000, 0x00000000a4700000| Untracked 
| 584|0x00000000a4800000, 0x00000000a4800000, 0x00000000a4900000|  0%| F|  |TAMS 0x00000000a4800000, 0x00000000a4800000| Untracked 
| 585|0x00000000a4900000, 0x00000000a4900000, 0x00000000a4a00000|  0%| F|  |TAMS 0x00000000a4900000, 0x00000000a4900000| Untracked 
| 586|0x00000000a4a00000, 0x00000000a4a00000, 0x00000000a4b00000|  0%| F|  |TAMS 0x00000000a4a00000, 0x00000000a4a00000| Untracked 
| 587|0x00000000a4b00000, 0x00000000a4b00000, 0x00000000a4c00000|  0%| F|  |TAMS 0x00000000a4b00000, 0x00000000a4b00000| Untracked 
| 588|0x00000000a4c00000, 0x00000000a4c00000, 0x00000000a4d00000|  0%| F|  |TAMS 0x00000000a4c00000, 0x00000000a4c00000| Untracked 
| 589|0x00000000a4d00000, 0x00000000a4d00000, 0x00000000a4e00000|  0%| F|  |TAMS 0x00000000a4d00000, 0x00000000a4d00000| Untracked 
| 590|0x00000000a4e00000, 0x00000000a4e00000, 0x00000000a4f00000|  0%| F|  |TAMS 0x00000000a4e00000, 0x00000000a4e00000| Untracked 
| 591|0x00000000a4f00000, 0x00000000a4f00000, 0x00000000a5000000|  0%| F|  |TAMS 0x00000000a4f00000, 0x00000000a4f00000| Untracked 
| 592|0x00000000a5000000, 0x00000000a5000000, 0x00000000a5100000|  0%| F|  |TAMS 0x00000000a5000000, 0x00000000a5000000| Untracked 
| 593|0x00000000a5100000, 0x00000000a5100000, 0x00000000a5200000|  0%| F|  |TAMS 0x00000000a5100000, 0x00000000a5100000| Untracked 
| 594|0x00000000a5200000, 0x00000000a5200000, 0x00000000a5300000|  0%| F|  |TAMS 0x00000000a5200000, 0x00000000a5200000| Untracked 
| 595|0x00000000a5300000, 0x00000000a5300000, 0x00000000a5400000|  0%| F|  |TAMS 0x00000000a5300000, 0x00000000a5300000| Untracked 
| 596|0x00000000a5400000, 0x00000000a5400000, 0x00000000a5500000|  0%| F|  |TAMS 0x00000000a5400000, 0x00000000a5400000| Untracked 
| 597|0x00000000a5500000, 0x00000000a5500000, 0x00000000a5600000|  0%| F|  |TAMS 0x00000000a5500000, 0x00000000a5500000| Untracked 
| 598|0x00000000a5600000, 0x00000000a5600000, 0x00000000a5700000|  0%| F|  |TAMS 0x00000000a5600000, 0x00000000a5600000| Untracked 
| 599|0x00000000a5700000, 0x00000000a5700000, 0x00000000a5800000|  0%| F|  |TAMS 0x00000000a5700000, 0x00000000a5700000| Untracked 
| 600|0x00000000a5800000, 0x00000000a5800000, 0x00000000a5900000|  0%| F|  |TAMS 0x00000000a5800000, 0x00000000a5800000| Untracked 
| 601|0x00000000a5900000, 0x00000000a5900000, 0x00000000a5a00000|  0%| F|  |TAMS 0x00000000a5900000, 0x00000000a5900000| Untracked 
| 602|0x00000000a5a00000, 0x00000000a5a00000, 0x00000000a5b00000|  0%| F|  |TAMS 0x00000000a5a00000, 0x00000000a5a00000| Untracked 
| 603|0x00000000a5b00000, 0x00000000a5b00000, 0x00000000a5c00000|  0%| F|  |TAMS 0x00000000a5b00000, 0x00000000a5b00000| Untracked 
| 604|0x00000000a5c00000, 0x00000000a5c00000, 0x00000000a5d00000|  0%| F|  |TAMS 0x00000000a5c00000, 0x00000000a5c00000| Untracked 
| 605|0x00000000a5d00000, 0x00000000a5d00000, 0x00000000a5e00000|  0%| F|  |TAMS 0x00000000a5d00000, 0x00000000a5d00000| Untracked 
| 606|0x00000000a5e00000, 0x00000000a5e00000, 0x00000000a5f00000|  0%| F|  |TAMS 0x00000000a5e00000, 0x00000000a5e00000| Untracked 
| 607|0x00000000a5f00000, 0x00000000a5f00000, 0x00000000a6000000|  0%| F|  |TAMS 0x00000000a5f00000, 0x00000000a5f00000| Untracked 
| 608|0x00000000a6000000, 0x00000000a6000000, 0x00000000a6100000|  0%| F|  |TAMS 0x00000000a6000000, 0x00000000a6000000| Untracked 
| 609|0x00000000a6100000, 0x00000000a6100000, 0x00000000a6200000|  0%| F|  |TAMS 0x00000000a6100000, 0x00000000a6100000| Untracked 
| 610|0x00000000a6200000, 0x00000000a6200000, 0x00000000a6300000|  0%| F|  |TAMS 0x00000000a6200000, 0x00000000a6200000| Untracked 
| 611|0x00000000a6300000, 0x00000000a6300000, 0x00000000a6400000|  0%| F|  |TAMS 0x00000000a6300000, 0x00000000a6300000| Untracked 
| 612|0x00000000a6400000, 0x00000000a6400000, 0x00000000a6500000|  0%| F|  |TAMS 0x00000000a6400000, 0x00000000a6400000| Untracked 
| 613|0x00000000a6500000, 0x00000000a6500000, 0x00000000a6600000|  0%| F|  |TAMS 0x00000000a6500000, 0x00000000a6500000| Untracked 
| 614|0x00000000a6600000, 0x00000000a6600000, 0x00000000a6700000|  0%| F|  |TAMS 0x00000000a6600000, 0x00000000a6600000| Untracked 
| 615|0x00000000a6700000, 0x00000000a6700000, 0x00000000a6800000|  0%| F|  |TAMS 0x00000000a6700000, 0x00000000a6700000| Untracked 
| 616|0x00000000a6800000, 0x00000000a6800000, 0x00000000a6900000|  0%| F|  |TAMS 0x00000000a6800000, 0x00000000a6800000| Untracked 
| 617|0x00000000a6900000, 0x00000000a6900000, 0x00000000a6a00000|  0%| F|  |TAMS 0x00000000a6900000, 0x00000000a6900000| Untracked 
| 618|0x00000000a6a00000, 0x00000000a6a00000, 0x00000000a6b00000|  0%| F|  |TAMS 0x00000000a6a00000, 0x00000000a6a00000| Untracked 
| 619|0x00000000a6b00000, 0x00000000a6b00000, 0x00000000a6c00000|  0%| F|  |TAMS 0x00000000a6b00000, 0x00000000a6b00000| Untracked 
| 620|0x00000000a6c00000, 0x00000000a6c00000, 0x00000000a6d00000|  0%| F|  |TAMS 0x00000000a6c00000, 0x00000000a6c00000| Untracked 
| 621|0x00000000a6d00000, 0x00000000a6d00000, 0x00000000a6e00000|  0%| F|  |TAMS 0x00000000a6d00000, 0x00000000a6d00000| Untracked 
| 622|0x00000000a6e00000, 0x00000000a6e00000, 0x00000000a6f00000|  0%| F|  |TAMS 0x00000000a6e00000, 0x00000000a6e00000| Untracked 
| 623|0x00000000a6f00000, 0x00000000a6f00000, 0x00000000a7000000|  0%| F|  |TAMS 0x00000000a6f00000, 0x00000000a6f00000| Untracked 
| 624|0x00000000a7000000, 0x00000000a7000000, 0x00000000a7100000|  0%| F|  |TAMS 0x00000000a7000000, 0x00000000a7000000| Untracked 
| 625|0x00000000a7100000, 0x00000000a7100000, 0x00000000a7200000|  0%| F|  |TAMS 0x00000000a7100000, 0x00000000a7100000| Untracked 
| 626|0x00000000a7200000, 0x00000000a7200000, 0x00000000a7300000|  0%| F|  |TAMS 0x00000000a7200000, 0x00000000a7200000| Untracked 
| 627|0x00000000a7300000, 0x00000000a7300000, 0x00000000a7400000|  0%| F|  |TAMS 0x00000000a7300000, 0x00000000a7300000| Untracked 
| 628|0x00000000a7400000, 0x00000000a7400000, 0x00000000a7500000|  0%| F|  |TAMS 0x00000000a7400000, 0x00000000a7400000| Untracked 
| 629|0x00000000a7500000, 0x00000000a7500000, 0x00000000a7600000|  0%| F|  |TAMS 0x00000000a7500000, 0x00000000a7500000| Untracked 
| 630|0x00000000a7600000, 0x00000000a7600000, 0x00000000a7700000|  0%| F|  |TAMS 0x00000000a7600000, 0x00000000a7600000| Untracked 
| 631|0x00000000a7700000, 0x00000000a7700000, 0x00000000a7800000|  0%| F|  |TAMS 0x00000000a7700000, 0x00000000a7700000| Untracked 
| 632|0x00000000a7800000, 0x00000000a7800000, 0x00000000a7900000|  0%| F|  |TAMS 0x00000000a7800000, 0x00000000a7800000| Untracked 
| 633|0x00000000a7900000, 0x00000000a7900000, 0x00000000a7a00000|  0%| F|  |TAMS 0x00000000a7900000, 0x00000000a7900000| Untracked 
| 634|0x00000000a7a00000, 0x00000000a7a00000, 0x00000000a7b00000|  0%| F|  |TAMS 0x00000000a7a00000, 0x00000000a7a00000| Untracked 
| 635|0x00000000a7b00000, 0x00000000a7b00000, 0x00000000a7c00000|  0%| F|  |TAMS 0x00000000a7b00000, 0x00000000a7b00000| Untracked 
| 636|0x00000000a7c00000, 0x00000000a7c00000, 0x00000000a7d00000|  0%| F|  |TAMS 0x00000000a7c00000, 0x00000000a7c00000| Untracked 
| 637|0x00000000a7d00000, 0x00000000a7d00000, 0x00000000a7e00000|  0%| F|  |TAMS 0x00000000a7d00000, 0x00000000a7d00000| Untracked 
| 638|0x00000000a7e00000, 0x00000000a7e00000, 0x00000000a7f00000|  0%| F|  |TAMS 0x00000000a7e00000, 0x00000000a7e00000| Untracked 
| 639|0x00000000a7f00000, 0x00000000a7f00000, 0x00000000a8000000|  0%| F|  |TAMS 0x00000000a7f00000, 0x00000000a7f00000| Untracked 
| 640|0x00000000a8000000, 0x00000000a8000000, 0x00000000a8100000|  0%| F|  |TAMS 0x00000000a8000000, 0x00000000a8000000| Untracked 
| 641|0x00000000a8100000, 0x00000000a8100000, 0x00000000a8200000|  0%| F|  |TAMS 0x00000000a8100000, 0x00000000a8100000| Untracked 
| 642|0x00000000a8200000, 0x00000000a8200000, 0x00000000a8300000|  0%| F|  |TAMS 0x00000000a8200000, 0x00000000a8200000| Untracked 
| 643|0x00000000a8300000, 0x00000000a8300000, 0x00000000a8400000|  0%| F|  |TAMS 0x00000000a8300000, 0x00000000a8300000| Untracked 
| 644|0x00000000a8400000, 0x00000000a8400000, 0x00000000a8500000|  0%| F|  |TAMS 0x00000000a8400000, 0x00000000a8400000| Untracked 
| 645|0x00000000a8500000, 0x00000000a8500000, 0x00000000a8600000|  0%| F|  |TAMS 0x00000000a8500000, 0x00000000a8500000| Untracked 
| 646|0x00000000a8600000, 0x00000000a8600000, 0x00000000a8700000|  0%| F|  |TAMS 0x00000000a8600000, 0x00000000a8600000| Untracked 
| 647|0x00000000a8700000, 0x00000000a8700000, 0x00000000a8800000|  0%| F|  |TAMS 0x00000000a8700000, 0x00000000a8700000| Untracked 
| 648|0x00000000a8800000, 0x00000000a8800000, 0x00000000a8900000|  0%| F|  |TAMS 0x00000000a8800000, 0x00000000a8800000| Untracked 
| 649|0x00000000a8900000, 0x00000000a8900000, 0x00000000a8a00000|  0%| F|  |TAMS 0x00000000a8900000, 0x00000000a8900000| Untracked 
| 650|0x00000000a8a00000, 0x00000000a8a00000, 0x00000000a8b00000|  0%| F|  |TAMS 0x00000000a8a00000, 0x00000000a8a00000| Untracked 
| 651|0x00000000a8b00000, 0x00000000a8b00000, 0x00000000a8c00000|  0%| F|  |TAMS 0x00000000a8b00000, 0x00000000a8b00000| Untracked 
| 652|0x00000000a8c00000, 0x00000000a8c00000, 0x00000000a8d00000|  0%| F|  |TAMS 0x00000000a8c00000, 0x00000000a8c00000| Untracked 
| 653|0x00000000a8d00000, 0x00000000a8d00000, 0x00000000a8e00000|  0%| F|  |TAMS 0x00000000a8d00000, 0x00000000a8d00000| Untracked 
| 654|0x00000000a8e00000, 0x00000000a8e00000, 0x00000000a8f00000|  0%| F|  |TAMS 0x00000000a8e00000, 0x00000000a8e00000| Untracked 
| 655|0x00000000a8f00000, 0x00000000a8f00000, 0x00000000a9000000|  0%| F|  |TAMS 0x00000000a8f00000, 0x00000000a8f00000| Untracked 
| 656|0x00000000a9000000, 0x00000000a9000000, 0x00000000a9100000|  0%| F|  |TAMS 0x00000000a9000000, 0x00000000a9000000| Untracked 
| 657|0x00000000a9100000, 0x00000000a9100000, 0x00000000a9200000|  0%| F|  |TAMS 0x00000000a9100000, 0x00000000a9100000| Untracked 
| 658|0x00000000a9200000, 0x00000000a9200000, 0x00000000a9300000|  0%| F|  |TAMS 0x00000000a9200000, 0x00000000a9200000| Untracked 
| 659|0x00000000a9300000, 0x00000000a9300000, 0x00000000a9400000|  0%| F|  |TAMS 0x00000000a9300000, 0x00000000a9300000| Untracked 
| 660|0x00000000a9400000, 0x00000000a9400000, 0x00000000a9500000|  0%| F|  |TAMS 0x00000000a9400000, 0x00000000a9400000| Untracked 
| 661|0x00000000a9500000, 0x00000000a9500000, 0x00000000a9600000|  0%| F|  |TAMS 0x00000000a9500000, 0x00000000a9500000| Untracked 
| 662|0x00000000a9600000, 0x00000000a9600000, 0x00000000a9700000|  0%| F|  |TAMS 0x00000000a9600000, 0x00000000a9600000| Untracked 
| 663|0x00000000a9700000, 0x00000000a9700000, 0x00000000a9800000|  0%| F|  |TAMS 0x00000000a9700000, 0x00000000a9700000| Untracked 
| 664|0x00000000a9800000, 0x00000000a9800000, 0x00000000a9900000|  0%| F|  |TAMS 0x00000000a9800000, 0x00000000a9800000| Untracked 
| 665|0x00000000a9900000, 0x00000000a9900000, 0x00000000a9a00000|  0%| F|  |TAMS 0x00000000a9900000, 0x00000000a9900000| Untracked 
| 666|0x00000000a9a00000, 0x00000000a9a00000, 0x00000000a9b00000|  0%| F|  |TAMS 0x00000000a9a00000, 0x00000000a9a00000| Untracked 
| 667|0x00000000a9b00000, 0x00000000a9b00000, 0x00000000a9c00000|  0%| F|  |TAMS 0x00000000a9b00000, 0x00000000a9b00000| Untracked 
| 668|0x00000000a9c00000, 0x00000000a9c00000, 0x00000000a9d00000|  0%| F|  |TAMS 0x00000000a9c00000, 0x00000000a9c00000| Untracked 
| 669|0x00000000a9d00000, 0x00000000a9d00000, 0x00000000a9e00000|  0%| F|  |TAMS 0x00000000a9d00000, 0x00000000a9d00000| Untracked 
| 670|0x00000000a9e00000, 0x00000000a9e00000, 0x00000000a9f00000|  0%| F|  |TAMS 0x00000000a9e00000, 0x00000000a9e00000| Untracked 
| 671|0x00000000a9f00000, 0x00000000a9f00000, 0x00000000aa000000|  0%| F|  |TAMS 0x00000000a9f00000, 0x00000000a9f00000| Untracked 
| 672|0x00000000aa000000, 0x00000000aa000000, 0x00000000aa100000|  0%| F|  |TAMS 0x00000000aa000000, 0x00000000aa000000| Untracked 
| 673|0x00000000aa100000, 0x00000000aa100000, 0x00000000aa200000|  0%| F|  |TAMS 0x00000000aa100000, 0x00000000aa100000| Untracked 
| 674|0x00000000aa200000, 0x00000000aa200000, 0x00000000aa300000|  0%| F|  |TAMS 0x00000000aa200000, 0x00000000aa200000| Untracked 
| 675|0x00000000aa300000, 0x00000000aa300000, 0x00000000aa400000|  0%| F|  |TAMS 0x00000000aa300000, 0x00000000aa300000| Untracked 
| 676|0x00000000aa400000, 0x00000000aa400000, 0x00000000aa500000|  0%| F|  |TAMS 0x00000000aa400000, 0x00000000aa400000| Untracked 
| 677|0x00000000aa500000, 0x00000000aa500000, 0x00000000aa600000|  0%| F|  |TAMS 0x00000000aa500000, 0x00000000aa500000| Untracked 
| 678|0x00000000aa600000, 0x00000000aa680000, 0x00000000aa700000| 50%| S|CS|TAMS 0x00000000aa600000, 0x00000000aa600000| Complete 
| 679|0x00000000aa700000, 0x00000000aa800000, 0x00000000aa800000|100%| S|CS|TAMS 0x00000000aa700000, 0x00000000aa700000| Complete 
| 680|0x00000000aa800000, 0x00000000aa900000, 0x00000000aa900000|100%| S|CS|TAMS 0x00000000aa800000, 0x00000000aa800000| Complete 
| 681|0x00000000aa900000, 0x00000000aaa00000, 0x00000000aaa00000|100%| S|CS|TAMS 0x00000000aa900000, 0x00000000aa900000| Complete 
| 682|0x00000000aaa00000, 0x00000000aab00000, 0x00000000aab00000|100%| S|CS|TAMS 0x00000000aaa00000, 0x00000000aaa00000| Complete 
| 683|0x00000000aab00000, 0x00000000aac00000, 0x00000000aac00000|100%| S|CS|TAMS 0x00000000aab00000, 0x00000000aab00000| Complete 
| 684|0x00000000aac00000, 0x00000000aad00000, 0x00000000aad00000|100%| S|CS|TAMS 0x00000000aac00000, 0x00000000aac00000| Complete 
| 685|0x00000000aad00000, 0x00000000aae00000, 0x00000000aae00000|100%| S|CS|TAMS 0x00000000aad00000, 0x00000000aad00000| Complete 
| 686|0x00000000aae00000, 0x00000000aaf00000, 0x00000000aaf00000|100%| S|CS|TAMS 0x00000000aae00000, 0x00000000aae00000| Complete 
| 687|0x00000000aaf00000, 0x00000000ab000000, 0x00000000ab000000|100%| S|CS|TAMS 0x00000000aaf00000, 0x00000000aaf00000| Complete 
| 688|0x00000000ab000000, 0x00000000ab100000, 0x00000000ab100000|100%| S|CS|TAMS 0x00000000ab000000, 0x00000000ab000000| Complete 
| 689|0x00000000ab100000, 0x00000000ab200000, 0x00000000ab200000|100%| S|CS|TAMS 0x00000000ab100000, 0x00000000ab100000| Complete 
| 690|0x00000000ab200000, 0x00000000ab300000, 0x00000000ab300000|100%| S|CS|TAMS 0x00000000ab200000, 0x00000000ab200000| Complete 
| 691|0x00000000ab300000, 0x00000000ab400000, 0x00000000ab400000|100%| S|CS|TAMS 0x00000000ab300000, 0x00000000ab300000| Complete 
| 692|0x00000000ab400000, 0x00000000ab500000, 0x00000000ab500000|100%| S|CS|TAMS 0x00000000ab400000, 0x00000000ab400000| Complete 
| 693|0x00000000ab500000, 0x00000000ab600000, 0x00000000ab600000|100%| S|CS|TAMS 0x00000000ab500000, 0x00000000ab500000| Complete 
| 694|0x00000000ab600000, 0x00000000ab700000, 0x00000000ab700000|100%| S|CS|TAMS 0x00000000ab600000, 0x00000000ab600000| Complete 
| 695|0x00000000ab700000, 0x00000000ab800000, 0x00000000ab800000|100%| S|CS|TAMS 0x00000000ab700000, 0x00000000ab700000| Complete 
| 696|0x00000000ab800000, 0x00000000ab800000, 0x00000000ab900000|  0%| F|  |TAMS 0x00000000ab800000, 0x00000000ab800000| Untracked 
| 697|0x00000000ab900000, 0x00000000ab900000, 0x00000000aba00000|  0%| F|  |TAMS 0x00000000ab900000, 0x00000000ab900000| Untracked 
| 698|0x00000000aba00000, 0x00000000aba00000, 0x00000000abb00000|  0%| F|  |TAMS 0x00000000aba00000, 0x00000000aba00000| Untracked 
| 699|0x00000000abb00000, 0x00000000abb00000, 0x00000000abc00000|  0%| F|  |TAMS 0x00000000abb00000, 0x00000000abb00000| Untracked 
| 700|0x00000000abc00000, 0x00000000abc00000, 0x00000000abd00000|  0%| F|  |TAMS 0x00000000abc00000, 0x00000000abc00000| Untracked 
| 701|0x00000000abd00000, 0x00000000abd00000, 0x00000000abe00000|  0%| F|  |TAMS 0x00000000abd00000, 0x00000000abd00000| Untracked 
| 702|0x00000000abe00000, 0x00000000abe00000, 0x00000000abf00000|  0%| F|  |TAMS 0x00000000abe00000, 0x00000000abe00000| Untracked 
| 703|0x00000000abf00000, 0x00000000abf00000, 0x00000000ac000000|  0%| F|  |TAMS 0x00000000abf00000, 0x00000000abf00000| Untracked 
| 704|0x00000000ac000000, 0x00000000ac000000, 0x00000000ac100000|  0%| F|  |TAMS 0x00000000ac000000, 0x00000000ac000000| Untracked 
| 705|0x00000000ac100000, 0x00000000ac100000, 0x00000000ac200000|  0%| F|  |TAMS 0x00000000ac100000, 0x00000000ac100000| Untracked 
| 706|0x00000000ac200000, 0x00000000ac200000, 0x00000000ac300000|  0%| F|  |TAMS 0x00000000ac200000, 0x00000000ac200000| Untracked 
| 707|0x00000000ac300000, 0x00000000ac300000, 0x00000000ac400000|  0%| F|  |TAMS 0x00000000ac300000, 0x00000000ac300000| Untracked 
| 708|0x00000000ac400000, 0x00000000ac400000, 0x00000000ac500000|  0%| F|  |TAMS 0x00000000ac400000, 0x00000000ac400000| Untracked 
| 709|0x00000000ac500000, 0x00000000ac500000, 0x00000000ac600000|  0%| F|  |TAMS 0x00000000ac500000, 0x00000000ac500000| Untracked 
| 710|0x00000000ac600000, 0x00000000ac600000, 0x00000000ac700000|  0%| F|  |TAMS 0x00000000ac600000, 0x00000000ac600000| Untracked 
| 711|0x00000000ac700000, 0x00000000ac700000, 0x00000000ac800000|  0%| F|  |TAMS 0x00000000ac700000, 0x00000000ac700000| Untracked 
| 712|0x00000000ac800000, 0x00000000ac800000, 0x00000000ac900000|  0%| F|  |TAMS 0x00000000ac800000, 0x00000000ac800000| Untracked 
| 713|0x00000000ac900000, 0x00000000ac900000, 0x00000000aca00000|  0%| F|  |TAMS 0x00000000ac900000, 0x00000000ac900000| Untracked 
| 714|0x00000000aca00000, 0x00000000aca00000, 0x00000000acb00000|  0%| F|  |TAMS 0x00000000aca00000, 0x00000000aca00000| Untracked 
| 715|0x00000000acb00000, 0x00000000acb00000, 0x00000000acc00000|  0%| F|  |TAMS 0x00000000acb00000, 0x00000000acb00000| Untracked 
| 716|0x00000000acc00000, 0x00000000acc00000, 0x00000000acd00000|  0%| F|  |TAMS 0x00000000acc00000, 0x00000000acc00000| Untracked 
| 717|0x00000000acd00000, 0x00000000acd00000, 0x00000000ace00000|  0%| F|  |TAMS 0x00000000acd00000, 0x00000000acd00000| Untracked 
| 718|0x00000000ace00000, 0x00000000ace00000, 0x00000000acf00000|  0%| F|  |TAMS 0x00000000ace00000, 0x00000000ace00000| Untracked 
| 719|0x00000000acf00000, 0x00000000acf00000, 0x00000000ad000000|  0%| F|  |TAMS 0x00000000acf00000, 0x00000000acf00000| Untracked 
| 720|0x00000000ad000000, 0x00000000ad000000, 0x00000000ad100000|  0%| F|  |TAMS 0x00000000ad000000, 0x00000000ad000000| Untracked 
| 721|0x00000000ad100000, 0x00000000ad100000, 0x00000000ad200000|  0%| F|  |TAMS 0x00000000ad100000, 0x00000000ad100000| Untracked 
| 722|0x00000000ad200000, 0x00000000ad200000, 0x00000000ad300000|  0%| F|  |TAMS 0x00000000ad200000, 0x00000000ad200000| Untracked 
| 723|0x00000000ad300000, 0x00000000ad300000, 0x00000000ad400000|  0%| F|  |TAMS 0x00000000ad300000, 0x00000000ad300000| Untracked 
| 724|0x00000000ad400000, 0x00000000ad400000, 0x00000000ad500000|  0%| F|  |TAMS 0x00000000ad400000, 0x00000000ad400000| Untracked 
| 725|0x00000000ad500000, 0x00000000ad500000, 0x00000000ad600000|  0%| F|  |TAMS 0x00000000ad500000, 0x00000000ad500000| Untracked 
| 726|0x00000000ad600000, 0x00000000ad600000, 0x00000000ad700000|  0%| F|  |TAMS 0x00000000ad600000, 0x00000000ad600000| Untracked 
| 727|0x00000000ad700000, 0x00000000ad700000, 0x00000000ad800000|  0%| F|  |TAMS 0x00000000ad700000, 0x00000000ad700000| Untracked 
| 728|0x00000000ad800000, 0x00000000ad800000, 0x00000000ad900000|  0%| F|  |TAMS 0x00000000ad800000, 0x00000000ad800000| Untracked 
| 729|0x00000000ad900000, 0x00000000ad900000, 0x00000000ada00000|  0%| F|  |TAMS 0x00000000ad900000, 0x00000000ad900000| Untracked 
| 730|0x00000000ada00000, 0x00000000ada00000, 0x00000000adb00000|  0%| F|  |TAMS 0x00000000ada00000, 0x00000000ada00000| Untracked 
| 731|0x00000000adb00000, 0x00000000adb00000, 0x00000000adc00000|  0%| F|  |TAMS 0x00000000adb00000, 0x00000000adb00000| Untracked 
| 732|0x00000000adc00000, 0x00000000adc00000, 0x00000000add00000|  0%| F|  |TAMS 0x00000000adc00000, 0x00000000adc00000| Untracked 
| 733|0x00000000add00000, 0x00000000add00000, 0x00000000ade00000|  0%| F|  |TAMS 0x00000000add00000, 0x00000000add00000| Untracked 
| 734|0x00000000ade00000, 0x00000000ade00000, 0x00000000adf00000|  0%| F|  |TAMS 0x00000000ade00000, 0x00000000ade00000| Untracked 
| 735|0x00000000adf00000, 0x00000000adf00000, 0x00000000ae000000|  0%| F|  |TAMS 0x00000000adf00000, 0x00000000adf00000| Untracked 
| 736|0x00000000ae000000, 0x00000000ae000000, 0x00000000ae100000|  0%| F|  |TAMS 0x00000000ae000000, 0x00000000ae000000| Untracked 
| 737|0x00000000ae100000, 0x00000000ae100000, 0x00000000ae200000|  0%| F|  |TAMS 0x00000000ae100000, 0x00000000ae100000| Untracked 
| 738|0x00000000ae200000, 0x00000000ae200000, 0x00000000ae300000|  0%| F|  |TAMS 0x00000000ae200000, 0x00000000ae200000| Untracked 
| 739|0x00000000ae300000, 0x00000000ae300000, 0x00000000ae400000|  0%| F|  |TAMS 0x00000000ae300000, 0x00000000ae300000| Untracked 
| 740|0x00000000ae400000, 0x00000000ae400000, 0x00000000ae500000|  0%| F|  |TAMS 0x00000000ae400000, 0x00000000ae400000| Untracked 
| 741|0x00000000ae500000, 0x00000000ae500000, 0x00000000ae600000|  0%| F|  |TAMS 0x00000000ae500000, 0x00000000ae500000| Untracked 
| 742|0x00000000ae600000, 0x00000000ae600000, 0x00000000ae700000|  0%| F|  |TAMS 0x00000000ae600000, 0x00000000ae600000| Untracked 
| 743|0x00000000ae700000, 0x00000000ae700000, 0x00000000ae800000|  0%| F|  |TAMS 0x00000000ae700000, 0x00000000ae700000| Untracked 
| 744|0x00000000ae800000, 0x00000000ae800000, 0x00000000ae900000|  0%| F|  |TAMS 0x00000000ae800000, 0x00000000ae800000| Untracked 
| 745|0x00000000ae900000, 0x00000000ae900000, 0x00000000aea00000|  0%| F|  |TAMS 0x00000000ae900000, 0x00000000ae900000| Untracked 
| 746|0x00000000aea00000, 0x00000000aea00000, 0x00000000aeb00000|  0%| F|  |TAMS 0x00000000aea00000, 0x00000000aea00000| Untracked 
| 747|0x00000000aeb00000, 0x00000000aeb00000, 0x00000000aec00000|  0%| F|  |TAMS 0x00000000aeb00000, 0x00000000aeb00000| Untracked 
| 748|0x00000000aec00000, 0x00000000aec00000, 0x00000000aed00000|  0%| F|  |TAMS 0x00000000aec00000, 0x00000000aec00000| Untracked 
| 749|0x00000000aed00000, 0x00000000aed00000, 0x00000000aee00000|  0%| F|  |TAMS 0x00000000aed00000, 0x00000000aed00000| Untracked 
| 750|0x00000000aee00000, 0x00000000aee00000, 0x00000000aef00000|  0%| F|  |TAMS 0x00000000aee00000, 0x00000000aee00000| Untracked 
| 751|0x00000000aef00000, 0x00000000aef00000, 0x00000000af000000|  0%| F|  |TAMS 0x00000000aef00000, 0x00000000aef00000| Untracked 
| 752|0x00000000af000000, 0x00000000af000000, 0x00000000af100000|  0%| F|  |TAMS 0x00000000af000000, 0x00000000af000000| Untracked 
| 753|0x00000000af100000, 0x00000000af100000, 0x00000000af200000|  0%| F|  |TAMS 0x00000000af100000, 0x00000000af100000| Untracked 
| 754|0x00000000af200000, 0x00000000af200000, 0x00000000af300000|  0%| F|  |TAMS 0x00000000af200000, 0x00000000af200000| Untracked 
| 755|0x00000000af300000, 0x00000000af300000, 0x00000000af400000|  0%| F|  |TAMS 0x00000000af300000, 0x00000000af300000| Untracked 
| 756|0x00000000af400000, 0x00000000af400000, 0x00000000af500000|  0%| F|  |TAMS 0x00000000af400000, 0x00000000af400000| Untracked 
| 757|0x00000000af500000, 0x00000000af500000, 0x00000000af600000|  0%| F|  |TAMS 0x00000000af500000, 0x00000000af500000| Untracked 
| 758|0x00000000af600000, 0x00000000af600000, 0x00000000af700000|  0%| F|  |TAMS 0x00000000af600000, 0x00000000af600000| Untracked 
| 759|0x00000000af700000, 0x00000000af700000, 0x00000000af800000|  0%| F|  |TAMS 0x00000000af700000, 0x00000000af700000| Untracked 
| 760|0x00000000af800000, 0x00000000af800000, 0x00000000af900000|  0%| F|  |TAMS 0x00000000af800000, 0x00000000af800000| Untracked 
| 761|0x00000000af900000, 0x00000000af900000, 0x00000000afa00000|  0%| F|  |TAMS 0x00000000af900000, 0x00000000af900000| Untracked 
| 762|0x00000000afa00000, 0x00000000afa00000, 0x00000000afb00000|  0%| F|  |TAMS 0x00000000afa00000, 0x00000000afa00000| Untracked 
| 763|0x00000000afb00000, 0x00000000afb00000, 0x00000000afc00000|  0%| F|  |TAMS 0x00000000afb00000, 0x00000000afb00000| Untracked 
| 764|0x00000000afc00000, 0x00000000afc00000, 0x00000000afd00000|  0%| F|  |TAMS 0x00000000afc00000, 0x00000000afc00000| Untracked 
| 765|0x00000000afd00000, 0x00000000afd00000, 0x00000000afe00000|  0%| F|  |TAMS 0x00000000afd00000, 0x00000000afd00000| Untracked 
| 766|0x00000000afe00000, 0x00000000afe00000, 0x00000000aff00000|  0%| F|  |TAMS 0x00000000afe00000, 0x00000000afe00000| Untracked 
| 767|0x00000000aff00000, 0x00000000aff00000, 0x00000000b0000000|  0%| F|  |TAMS 0x00000000aff00000, 0x00000000aff00000| Untracked 
| 768|0x00000000b0000000, 0x00000000b0000000, 0x00000000b0100000|  0%| F|  |TAMS 0x00000000b0000000, 0x00000000b0000000| Untracked 
| 769|0x00000000b0100000, 0x00000000b0100000, 0x00000000b0200000|  0%| F|  |TAMS 0x00000000b0100000, 0x00000000b0100000| Untracked 
| 770|0x00000000b0200000, 0x00000000b0200000, 0x00000000b0300000|  0%| F|  |TAMS 0x00000000b0200000, 0x00000000b0200000| Untracked 
| 771|0x00000000b0300000, 0x00000000b0300000, 0x00000000b0400000|  0%| F|  |TAMS 0x00000000b0300000, 0x00000000b0300000| Untracked 
| 772|0x00000000b0400000, 0x00000000b0400000, 0x00000000b0500000|  0%| F|  |TAMS 0x00000000b0400000, 0x00000000b0400000| Untracked 
| 773|0x00000000b0500000, 0x00000000b0500000, 0x00000000b0600000|  0%| F|  |TAMS 0x00000000b0500000, 0x00000000b0500000| Untracked 
| 774|0x00000000b0600000, 0x00000000b0600000, 0x00000000b0700000|  0%| F|  |TAMS 0x00000000b0600000, 0x00000000b0600000| Untracked 
| 775|0x00000000b0700000, 0x00000000b0700000, 0x00000000b0800000|  0%| F|  |TAMS 0x00000000b0700000, 0x00000000b0700000| Untracked 
| 776|0x00000000b0800000, 0x00000000b0800000, 0x00000000b0900000|  0%| F|  |TAMS 0x00000000b0800000, 0x00000000b0800000| Untracked 
| 777|0x00000000b0900000, 0x00000000b0900000, 0x00000000b0a00000|  0%| F|  |TAMS 0x00000000b0900000, 0x00000000b0900000| Untracked 
| 778|0x00000000b0a00000, 0x00000000b0a00000, 0x00000000b0b00000|  0%| F|  |TAMS 0x00000000b0a00000, 0x00000000b0a00000| Untracked 
| 779|0x00000000b0b00000, 0x00000000b0b00000, 0x00000000b0c00000|  0%| F|  |TAMS 0x00000000b0b00000, 0x00000000b0b00000| Untracked 
| 780|0x00000000b0c00000, 0x00000000b0c00000, 0x00000000b0d00000|  0%| F|  |TAMS 0x00000000b0c00000, 0x00000000b0c00000| Untracked 
| 781|0x00000000b0d00000, 0x00000000b0d00000, 0x00000000b0e00000|  0%| F|  |TAMS 0x00000000b0d00000, 0x00000000b0d00000| Untracked 
| 782|0x00000000b0e00000, 0x00000000b0e00000, 0x00000000b0f00000|  0%| F|  |TAMS 0x00000000b0e00000, 0x00000000b0e00000| Untracked 
| 783|0x00000000b0f00000, 0x00000000b0f00000, 0x00000000b1000000|  0%| F|  |TAMS 0x00000000b0f00000, 0x00000000b0f00000| Untracked 
| 784|0x00000000b1000000, 0x00000000b1000000, 0x00000000b1100000|  0%| F|  |TAMS 0x00000000b1000000, 0x00000000b1000000| Untracked 
| 785|0x00000000b1100000, 0x00000000b1100000, 0x00000000b1200000|  0%| F|  |TAMS 0x00000000b1100000, 0x00000000b1100000| Untracked 
| 786|0x00000000b1200000, 0x00000000b1200000, 0x00000000b1300000|  0%| F|  |TAMS 0x00000000b1200000, 0x00000000b1200000| Untracked 
| 787|0x00000000b1300000, 0x00000000b1300000, 0x00000000b1400000|  0%| F|  |TAMS 0x00000000b1300000, 0x00000000b1300000| Untracked 
| 788|0x00000000b1400000, 0x00000000b1400000, 0x00000000b1500000|  0%| F|  |TAMS 0x00000000b1400000, 0x00000000b1400000| Untracked 
| 789|0x00000000b1500000, 0x00000000b1500000, 0x00000000b1600000|  0%| F|  |TAMS 0x00000000b1500000, 0x00000000b1500000| Untracked 
| 790|0x00000000b1600000, 0x00000000b1600000, 0x00000000b1700000|  0%| F|  |TAMS 0x00000000b1600000, 0x00000000b1600000| Untracked 
| 791|0x00000000b1700000, 0x00000000b1700000, 0x00000000b1800000|  0%| F|  |TAMS 0x00000000b1700000, 0x00000000b1700000| Untracked 
| 792|0x00000000b1800000, 0x00000000b1800000, 0x00000000b1900000|  0%| F|  |TAMS 0x00000000b1800000, 0x00000000b1800000| Untracked 
| 793|0x00000000b1900000, 0x00000000b1900000, 0x00000000b1a00000|  0%| F|  |TAMS 0x00000000b1900000, 0x00000000b1900000| Untracked 
| 794|0x00000000b1a00000, 0x00000000b1a00000, 0x00000000b1b00000|  0%| F|  |TAMS 0x00000000b1a00000, 0x00000000b1a00000| Untracked 
| 795|0x00000000b1b00000, 0x00000000b1b00000, 0x00000000b1c00000|  0%| F|  |TAMS 0x00000000b1b00000, 0x00000000b1b00000| Untracked 
| 796|0x00000000b1c00000, 0x00000000b1c00000, 0x00000000b1d00000|  0%| F|  |TAMS 0x00000000b1c00000, 0x00000000b1c00000| Untracked 
| 797|0x00000000b1d00000, 0x00000000b1d00000, 0x00000000b1e00000|  0%| F|  |TAMS 0x00000000b1d00000, 0x00000000b1d00000| Untracked 
| 798|0x00000000b1e00000, 0x00000000b1e00000, 0x00000000b1f00000|  0%| F|  |TAMS 0x00000000b1e00000, 0x00000000b1e00000| Untracked 
| 799|0x00000000b1f00000, 0x00000000b1f00000, 0x00000000b2000000|  0%| F|  |TAMS 0x00000000b1f00000, 0x00000000b1f00000| Untracked 
| 800|0x00000000b2000000, 0x00000000b2000000, 0x00000000b2100000|  0%| F|  |TAMS 0x00000000b2000000, 0x00000000b2000000| Untracked 
| 801|0x00000000b2100000, 0x00000000b2100000, 0x00000000b2200000|  0%| F|  |TAMS 0x00000000b2100000, 0x00000000b2100000| Untracked 
| 802|0x00000000b2200000, 0x00000000b2200000, 0x00000000b2300000|  0%| F|  |TAMS 0x00000000b2200000, 0x00000000b2200000| Untracked 
| 803|0x00000000b2300000, 0x00000000b2300000, 0x00000000b2400000|  0%| F|  |TAMS 0x00000000b2300000, 0x00000000b2300000| Untracked 
| 804|0x00000000b2400000, 0x00000000b2400000, 0x00000000b2500000|  0%| F|  |TAMS 0x00000000b2400000, 0x00000000b2400000| Untracked 
| 805|0x00000000b2500000, 0x00000000b2500000, 0x00000000b2600000|  0%| F|  |TAMS 0x00000000b2500000, 0x00000000b2500000| Untracked 
| 806|0x00000000b2600000, 0x00000000b2600000, 0x00000000b2700000|  0%| F|  |TAMS 0x00000000b2600000, 0x00000000b2600000| Untracked 
| 807|0x00000000b2700000, 0x00000000b2700000, 0x00000000b2800000|  0%| F|  |TAMS 0x00000000b2700000, 0x00000000b2700000| Untracked 
| 808|0x00000000b2800000, 0x00000000b2800000, 0x00000000b2900000|  0%| F|  |TAMS 0x00000000b2800000, 0x00000000b2800000| Untracked 
| 809|0x00000000b2900000, 0x00000000b2900000, 0x00000000b2a00000|  0%| F|  |TAMS 0x00000000b2900000, 0x00000000b2900000| Untracked 
| 810|0x00000000b2a00000, 0x00000000b2a00000, 0x00000000b2b00000|  0%| F|  |TAMS 0x00000000b2a00000, 0x00000000b2a00000| Untracked 
| 811|0x00000000b2b00000, 0x00000000b2b00000, 0x00000000b2c00000|  0%| F|  |TAMS 0x00000000b2b00000, 0x00000000b2b00000| Untracked 
| 812|0x00000000b2c00000, 0x00000000b2c00000, 0x00000000b2d00000|  0%| F|  |TAMS 0x00000000b2c00000, 0x00000000b2c00000| Untracked 
| 813|0x00000000b2d00000, 0x00000000b2d00000, 0x00000000b2e00000|  0%| F|  |TAMS 0x00000000b2d00000, 0x00000000b2d00000| Untracked 
| 814|0x00000000b2e00000, 0x00000000b2e00000, 0x00000000b2f00000|  0%| F|  |TAMS 0x00000000b2e00000, 0x00000000b2e00000| Untracked 
| 815|0x00000000b2f00000, 0x00000000b2f00000, 0x00000000b3000000|  0%| F|  |TAMS 0x00000000b2f00000, 0x00000000b2f00000| Untracked 
| 816|0x00000000b3000000, 0x00000000b3000000, 0x00000000b3100000|  0%| F|  |TAMS 0x00000000b3000000, 0x00000000b3000000| Untracked 
| 817|0x00000000b3100000, 0x00000000b3100000, 0x00000000b3200000|  0%| F|  |TAMS 0x00000000b3100000, 0x00000000b3100000| Untracked 
| 818|0x00000000b3200000, 0x00000000b3200000, 0x00000000b3300000|  0%| F|  |TAMS 0x00000000b3200000, 0x00000000b3200000| Untracked 
| 819|0x00000000b3300000, 0x00000000b3300000, 0x00000000b3400000|  0%| F|  |TAMS 0x00000000b3300000, 0x00000000b3300000| Untracked 
| 820|0x00000000b3400000, 0x00000000b3400000, 0x00000000b3500000|  0%| F|  |TAMS 0x00000000b3400000, 0x00000000b3400000| Untracked 
| 821|0x00000000b3500000, 0x00000000b3500000, 0x00000000b3600000|  0%| F|  |TAMS 0x00000000b3500000, 0x00000000b3500000| Untracked 
| 822|0x00000000b3600000, 0x00000000b3600000, 0x00000000b3700000|  0%| F|  |TAMS 0x00000000b3600000, 0x00000000b3600000| Untracked 
| 823|0x00000000b3700000, 0x00000000b3700000, 0x00000000b3800000|  0%| F|  |TAMS 0x00000000b3700000, 0x00000000b3700000| Untracked 
| 824|0x00000000b3800000, 0x00000000b3800000, 0x00000000b3900000|  0%| F|  |TAMS 0x00000000b3800000, 0x00000000b3800000| Untracked 
| 825|0x00000000b3900000, 0x00000000b3900000, 0x00000000b3a00000|  0%| F|  |TAMS 0x00000000b3900000, 0x00000000b3900000| Untracked 
| 826|0x00000000b3a00000, 0x00000000b3a00000, 0x00000000b3b00000|  0%| F|  |TAMS 0x00000000b3a00000, 0x00000000b3a00000| Untracked 
| 827|0x00000000b3b00000, 0x00000000b3b00000, 0x00000000b3c00000|  0%| F|  |TAMS 0x00000000b3b00000, 0x00000000b3b00000| Untracked 
| 828|0x00000000b3c00000, 0x00000000b3c00000, 0x00000000b3d00000|  0%| F|  |TAMS 0x00000000b3c00000, 0x00000000b3c00000| Untracked 
| 829|0x00000000b3d00000, 0x00000000b3d00000, 0x00000000b3e00000|  0%| F|  |TAMS 0x00000000b3d00000, 0x00000000b3d00000| Untracked 
| 830|0x00000000b3e00000, 0x00000000b3e00000, 0x00000000b3f00000|  0%| F|  |TAMS 0x00000000b3e00000, 0x00000000b3e00000| Untracked 
| 831|0x00000000b3f00000, 0x00000000b3f00000, 0x00000000b4000000|  0%| F|  |TAMS 0x00000000b3f00000, 0x00000000b3f00000| Untracked 
| 832|0x00000000b4000000, 0x00000000b4000000, 0x00000000b4100000|  0%| F|  |TAMS 0x00000000b4000000, 0x00000000b4000000| Untracked 
| 833|0x00000000b4100000, 0x00000000b4100000, 0x00000000b4200000|  0%| F|  |TAMS 0x00000000b4100000, 0x00000000b4100000| Untracked 
| 834|0x00000000b4200000, 0x00000000b4200000, 0x00000000b4300000|  0%| F|  |TAMS 0x00000000b4200000, 0x00000000b4200000| Untracked 

Card table byte_map: [0x0000017734800000,0x0000017734c00000] _byte_map_base: 0x0000017734400000

Marking Bits (Prev, Next): (CMBitMap*) 0x000001771d605360, (CMBitMap*) 0x000001771d605320
 Prev Bits: [0x0000017737000000, 0x0000017739000000)
 Next Bits: [0x0000017735000000, 0x0000017737000000)

Polling page: 0x000001771b360000

Metaspace:

Usage:
  Non-class:    132.53 MB used.
      Class:     21.48 MB used.
       Both:    154.01 MB used.

Virtual space:
  Non-class space:      192.00 MB reserved,     133.38 MB ( 69%) committed,  3 nodes.
      Class space:      416.00 MB reserved,      22.31 MB (  5%) committed,  1 nodes.
             Both:      608.00 MB reserved,     155.69 MB ( 26%) committed. 

Chunk freelists:
   Non-Class:  10.00 MB
       Class:  9.53 MB
        Both:  19.53 MB

MaxMetaspaceSize: 512.00 MB
CompressedClassSpaceSize: 416.00 MB
Initial GC threshold: 21.00 MB
Current GC threshold: 258.44 MB
CDS: on
MetaspaceReclaimPolicy: balanced
 - commit_granule_bytes: 65536.
 - commit_granule_words: 8192.
 - virtual_space_node_default_size: 8388608.
 - enlarge_chunks_in_place: 1.
 - new_chunks_are_fully_committed: 0.
 - uncommit_free_chunks: 1.
 - use_allocation_guard: 0.
 - handle_deallocations: 1.


Internal statistics:

num_allocs_failed_limit: 9.
num_arena_births: 2824.
num_arena_deaths: 46.
num_vsnodes_births: 4.
num_vsnodes_deaths: 0.
num_space_committed: 2491.
num_space_uncommitted: 1.
num_chunks_returned_to_freelist: 95.
num_chunks_taken_from_freelist: 10169.
num_chunk_merges: 36.
num_chunk_splits: 6539.
num_chunks_enlarged: 4111.
num_inconsistent_stats: 0.

CodeHeap 'non-profiled nmethods': size=120000Kb used=26019Kb max_used=26032Kb free=93980Kb
 bounds [0x000001772cba0000, 0x000001772e510000, 0x00000177340d0000]
CodeHeap 'profiled nmethods': size=120000Kb used=44804Kb max_used=47200Kb free=75196Kb
 bounds [0x00000177250d0000, 0x0000017727f70000, 0x000001772c600000]
CodeHeap 'non-nmethods': size=5760Kb used=1848Kb max_used=1968Kb free=3911Kb
 bounds [0x000001772c600000, 0x000001772c870000, 0x000001772cba0000]
 total_blobs=24952 nmethods=24002 adapters=861
 compilation: enabled
              stopped_count=0, restarted_count=0
 full_count=0

Compilation events (20 events):
Event: 157.327 Thread 0x000001773b2ffa70 nmethod 32605 0x000001772e088d10 code [0x000001772e088ea0, 0x000001772e088f48]
Event: 157.341 Thread 0x0000017775f11c70 nmethod 32561 0x000001772e46c890 code [0x000001772e46cd60, 0x000001772e472f18]
Event: 157.343 Thread 0x0000017775f11c70 32606       4       com.android.tools.r8.internal.zp::a (1 bytes)
Event: 157.343 Thread 0x0000017775f11c70 nmethod 32606 0x000001772e46c590 code [0x000001772e46c700, 0x000001772e46c778]
Event: 157.362 Thread 0x0000017775f11c70 32607       4       com.android.tools.r8.internal.np::a (1 bytes)
Event: 157.362 Thread 0x0000017775f11c70 nmethod 32607 0x000001772e46c290 code [0x000001772e46c400, 0x000001772e46c478]
Event: 157.388 Thread 0x000001773ba90dd0 32608       3       com.android.tools.r8.internal.ep::a (1 bytes)
Event: 157.388 Thread 0x000001773ba90dd0 nmethod 32608 0x0000017727e71090 code [0x0000017727e71220, 0x0000017727e71338]
Event: 157.388 Thread 0x000001773ba90dd0 32609       3       com.android.tools.r8.internal.Mo::a (1 bytes)
Event: 157.388 Thread 0x000001773ba90dd0 nmethod 32609 0x0000017727e0a810 code [0x0000017727e0a9a0, 0x0000017727e0aab8]
Event: 157.393 Thread 0x000001773ba90dd0 32610       3       com.android.tools.r8.internal.dp::a (1 bytes)
Event: 157.393 Thread 0x000001773ba90dd0 nmethod 32610 0x0000017727edc210 code [0x0000017727edc3a0, 0x0000017727edc4b8]
Event: 157.399 Thread 0x000001773ba90dd0 32611       3       com.android.tools.r8.internal.gn::a (1 bytes)
Event: 157.399 Thread 0x000001773ba90dd0 nmethod 32611 0x0000017727c09e10 code [0x0000017727c09fa0, 0x0000017727c0a0b8]
Event: 157.411 Thread 0x0000017775f11c70 32612       4       com.android.tools.r8.internal.Cq::O (4 bytes)
Event: 157.411 Thread 0x0000017775f11c70 nmethod 32612 0x000001772e46bf90 code [0x000001772e46c100, 0x000001772e46c178]
Event: 157.423 Thread 0x000001773ba90dd0 32613       3       java.security.SecureRandom::next (61 bytes)
Event: 157.424 Thread 0x000001773ba90dd0 nmethod 32613 0x0000017727e98210 code [0x0000017727e983c0, 0x0000017727e986e8]
Event: 157.446 Thread 0x000001773ba90dd0 32614       3       com.android.tools.r8.dex.n0::a (56 bytes)
Event: 157.447 Thread 0x000001773ba90dd0 nmethod 32614 0x0000017727186290 code [0x0000017727186460, 0x00000177271868d8]

GC Heap History (20 events):
Event: 142.510 GC heap after
{Heap after GC invocations=131 (full 0):
 garbage-first heap   total 777216K, used 409985K [0x0000000080000000, 0x0000000100000000)
  region size 1024K, 18 young (18432K), 18 survivors (18432K)
 Metaspace       used 153476K, committed 155264K, reserved 622592K
  class space    used 21525K, committed 22400K, reserved 425984K
}
Event: 143.751 GC heap before
{Heap before GC invocations=131 (full 0):
 garbage-first heap   total 777216K, used 680321K [0x0000000080000000, 0x0000000100000000)
  region size 1024K, 282 young (288768K), 18 survivors (18432K)
 Metaspace       used 153494K, committed 155264K, reserved 622592K
  class space    used 21526K, committed 22400K, reserved 425984K
}
Event: 143.777 GC heap after
{Heap after GC invocations=132 (full 0):
 garbage-first heap   total 777216K, used 411338K [0x0000000080000000, 0x0000000100000000)
  region size 1024K, 18 young (18432K), 18 survivors (18432K)
 Metaspace       used 153494K, committed 155264K, reserved 622592K
  class space    used 21526K, committed 22400K, reserved 425984K
}
Event: 144.839 GC heap before
{Heap before GC invocations=132 (full 0):
 garbage-first heap   total 777216K, used 680650K [0x0000000080000000, 0x0000000100000000)
  region size 1024K, 281 young (287744K), 18 survivors (18432K)
 Metaspace       used 153497K, committed 155264K, reserved 622592K
  class space    used 21526K, committed 22400K, reserved 425984K
}
Event: 144.868 GC heap after
{Heap after GC invocations=133 (full 0):
 garbage-first heap   total 777216K, used 411880K [0x0000000080000000, 0x0000000100000000)
  region size 1024K, 18 young (18432K), 18 survivors (18432K)
 Metaspace       used 153497K, committed 155264K, reserved 622592K
  class space    used 21526K, committed 22400K, reserved 425984K
}
Event: 146.161 GC heap before
{Heap before GC invocations=133 (full 0):
 garbage-first heap   total 777216K, used 679144K [0x0000000080000000, 0x0000000100000000)
  region size 1024K, 280 young (286720K), 18 survivors (18432K)
 Metaspace       used 153646K, committed 155392K, reserved 622592K
  class space    used 21539K, committed 22400K, reserved 425984K
}
Event: 146.200 GC heap after
{Heap after GC invocations=134 (full 0):
 garbage-first heap   total 777216K, used 423912K [0x0000000080000000, 0x0000000100000000)
  region size 1024K, 29 young (29696K), 29 survivors (29696K)
 Metaspace       used 153646K, committed 155392K, reserved 622592K
  class space    used 21539K, committed 22400K, reserved 425984K
}
Event: 149.423 GC heap before
{Heap before GC invocations=134 (full 0):
 garbage-first heap   total 777216K, used 684008K [0x0000000080000000, 0x0000000100000000)
  region size 1024K, 268 young (274432K), 29 survivors (29696K)
 Metaspace       used 154026K, committed 155776K, reserved 622592K
  class space    used 21570K, committed 22400K, reserved 425984K
}
Event: 149.458 GC heap after
{Heap after GC invocations=135 (full 0):
 garbage-first heap   total 777216K, used 411260K [0x0000000080000000, 0x0000000100000000)
  region size 1024K, 12 young (12288K), 12 survivors (12288K)
 Metaspace       used 154026K, committed 155776K, reserved 622592K
  class space    used 21570K, committed 22400K, reserved 425984K
}
Event: 152.246 GC heap before
{Heap before GC invocations=135 (full 0):
 garbage-first heap   total 777216K, used 654972K [0x0000000080000000, 0x0000000100000000)
  region size 1024K, 221 young (226304K), 12 survivors (12288K)
 Metaspace       used 156848K, committed 158592K, reserved 622592K
  class space    used 21935K, committed 22784K, reserved 425984K
}
Event: 152.287 GC heap after
{Heap after GC invocations=136 (full 0):
 garbage-first heap   total 777216K, used 459542K [0x0000000080000000, 0x0000000100000000)
  region size 1024K, 28 young (28672K), 28 survivors (28672K)
 Metaspace       used 156848K, committed 158592K, reserved 622592K
  class space    used 21935K, committed 22784K, reserved 425984K
}
Event: 154.774 GC heap before
{Heap before GC invocations=137 (full 0):
 garbage-first heap   total 855040K, used 691990K [0x0000000080000000, 0x0000000100000000)
  region size 1024K, 225 young (230400K), 28 survivors (28672K)
 Metaspace       used 157314K, committed 159040K, reserved 622592K
  class space    used 21966K, committed 22784K, reserved 425984K
}
Event: 154.867 GC heap after
{Heap after GC invocations=138 (full 0):
 garbage-first heap   total 855040K, used 518335K [0x0000000080000000, 0x0000000100000000)
  region size 1024K, 29 young (29696K), 29 survivors (29696K)
 Metaspace       used 157314K, committed 159040K, reserved 622592K
  class space    used 21966K, committed 22784K, reserved 425984K
}
Event: 154.912 GC heap before
{Heap before GC invocations=138 (full 0):
 garbage-first heap   total 855040K, used 530623K [0x0000000080000000, 0x0000000100000000)
  region size 1024K, 41 young (41984K), 29 survivors (29696K)
 Metaspace       used 157321K, committed 159040K, reserved 622592K
  class space    used 21966K, committed 22784K, reserved 425984K
}
Event: 154.967 GC heap after
{Heap after GC invocations=139 (full 0):
 garbage-first heap   total 855040K, used 447488K [0x0000000080000000, 0x0000000100000000)
  region size 1024K, 6 young (6144K), 6 survivors (6144K)
 Metaspace       used 157321K, committed 159040K, reserved 622592K
  class space    used 21966K, committed 22784K, reserved 425984K
}
Event: 155.061 GC heap before
{Heap before GC invocations=139 (full 0):
 garbage-first heap   total 855040K, used 483328K [0x0000000080000000, 0x0000000100000000)
  region size 1024K, 41 young (41984K), 6 survivors (6144K)
 Metaspace       used 157348K, committed 159040K, reserved 622592K
  class space    used 21966K, committed 22784K, reserved 425984K
}
Event: 155.087 GC heap after
{Heap after GC invocations=140 (full 0):
 garbage-first heap   total 855040K, used 457728K [0x0000000080000000, 0x0000000100000000)
  region size 1024K, 6 young (6144K), 6 survivors (6144K)
 Metaspace       used 157348K, committed 159040K, reserved 622592K
  class space    used 21966K, committed 22784K, reserved 425984K
}
Event: 156.176 GC heap before
{Heap before GC invocations=140 (full 0):
 garbage-first heap   total 855040K, used 666624K [0x0000000080000000, 0x0000000100000000)
  region size 1024K, 211 young (216064K), 6 survivors (6144K)
 Metaspace       used 157593K, committed 159360K, reserved 622592K
  class space    used 21980K, committed 22848K, reserved 425984K
}
Event: 156.260 GC heap after
{Heap after GC invocations=141 (full 0):
 garbage-first heap   total 855040K, used 532480K [0x0000000080000000, 0x0000000100000000)
  region size 1024K, 27 young (27648K), 27 survivors (27648K)
 Metaspace       used 157593K, committed 159360K, reserved 622592K
  class space    used 21980K, committed 22848K, reserved 425984K
}
Event: 157.490 GC heap before
{Heap before GC invocations=141 (full 0):
 garbage-first heap   total 855040K, used 681984K [0x0000000080000000, 0x0000000100000000)
  region size 1024K, 166 young (169984K), 27 survivors (27648K)
 Metaspace       used 157701K, committed 159424K, reserved 622592K
  class space    used 21992K, committed 22848K, reserved 425984K
}

Dll operation events (15 events):
Event: 0.015 Loaded shared library C:\Program Files\Microsoft\jdk-17.0.14.7-hotspot\bin\java.dll
Event: 0.049 Loaded shared library C:\Program Files\Microsoft\jdk-17.0.14.7-hotspot\bin\jsvml.dll
Event: 0.123 Loaded shared library C:\Program Files\Microsoft\jdk-17.0.14.7-hotspot\bin\zip.dll
Event: 0.126 Loaded shared library C:\Program Files\Microsoft\jdk-17.0.14.7-hotspot\bin\instrument.dll
Event: 0.133 Loaded shared library C:\Program Files\Microsoft\jdk-17.0.14.7-hotspot\bin\net.dll
Event: 0.136 Loaded shared library C:\Program Files\Microsoft\jdk-17.0.14.7-hotspot\bin\nio.dll
Event: 0.139 Loaded shared library C:\Program Files\Microsoft\jdk-17.0.14.7-hotspot\bin\zip.dll
Event: 0.746 Loaded shared library C:\Program Files\Microsoft\jdk-17.0.14.7-hotspot\bin\jimage.dll
Event: 1.267 Loaded shared library C:\Program Files\Microsoft\jdk-17.0.14.7-hotspot\bin\verify.dll
Event: 1.367 Loaded shared library C:\Users\87284\.gradle\native\660c5614fbf4a5f2a75b1949f50a0caf5cd603558e7d8a26e50b933a0cfb79d1\windows-amd64\native-platform.dll
Event: 1.395 Loaded shared library C:\Users\87284\.gradle\native\0.2.8\x86_64-windows-gnu\gradle-fileevents.dll
Event: 7.416 Loaded shared library C:\Program Files\Microsoft\jdk-17.0.14.7-hotspot\bin\management.dll
Event: 7.419 Loaded shared library C:\Program Files\Microsoft\jdk-17.0.14.7-hotspot\bin\management_ext.dll
Event: 9.210 Loaded shared library C:\Program Files\Microsoft\jdk-17.0.14.7-hotspot\bin\extnet.dll
Event: 10.020 Loaded shared library C:\Program Files\Microsoft\jdk-17.0.14.7-hotspot\bin\sunmscapi.dll

Deoptimization events (20 events):
Event: 156.821 Thread 0x000001776778a4e0 DEOPT PACKING pc=0x0000017727153e54 sp=0x000000270aafd8d0
Event: 156.821 Thread 0x000001776778a4e0 DEOPT UNPACKING pc=0x000001772c65ace3 sp=0x000000270aafcdb8 mode 0
Event: 156.825 Thread 0x000001776778a4e0 DEOPT PACKING pc=0x00000177277510f5 sp=0x000000270aafd8c0
Event: 156.825 Thread 0x000001776778a4e0 DEOPT UNPACKING pc=0x000001772c65ace3 sp=0x000000270aafcdb0 mode 0
Event: 156.836 Thread 0x000001776778a4e0 DEOPT PACKING pc=0x00000177277510f5 sp=0x000000270aafd8c0
Event: 156.836 Thread 0x000001776778a4e0 DEOPT UNPACKING pc=0x000001772c65ace3 sp=0x000000270aafcdb0 mode 0
Event: 156.845 Thread 0x000001776778a4e0 DEOPT PACKING pc=0x00000177277510f5 sp=0x000000270aafd8c0
Event: 156.845 Thread 0x000001776778a4e0 DEOPT UNPACKING pc=0x000001772c65ace3 sp=0x000000270aafcdb0 mode 0
Event: 157.420 Thread 0x0000017761a87520 Uncommon trap: trap_request=0xffffff45 fr.pc=0x000001772dcd889c relative=0x000000000000205c
Event: 157.420 Thread 0x0000017761a87520 Uncommon trap: reason=unstable_if action=reinterpret pc=0x000001772dcd889c method=com.android.tools.build.apkzlib.zip.ZipField.verify(Ljava/nio/ByteBuffer;JLcom/android/tools/build/apkzlib/zip/VerifyLog;)V @ 16 c2
Event: 157.420 Thread 0x0000017761a87520 DEOPT PACKING pc=0x000001772dcd889c sp=0x00000027100fd980
Event: 157.420 Thread 0x0000017761a87520 DEOPT UNPACKING pc=0x000001772c65a1a3 sp=0x00000027100fd880 mode 2
Event: 157.420 Thread 0x0000017761a87520 Uncommon trap: trap_request=0xffffff45 fr.pc=0x000001772e3fe90c relative=0x000000000000032c
Event: 157.420 Thread 0x0000017761a87520 Uncommon trap: reason=unstable_if action=reinterpret pc=0x000001772e3fe90c method=com.android.tools.build.apkzlib.zip.ZipField.verify(Ljava/nio/ByteBuffer;JLcom/android/tools/build/apkzlib/zip/VerifyLog;)V @ 16 c2
Event: 157.420 Thread 0x0000017761a87520 DEOPT PACKING pc=0x000001772e3fe90c sp=0x00000027100fd8b0
Event: 157.420 Thread 0x0000017761a87520 DEOPT UNPACKING pc=0x000001772c65a1a3 sp=0x00000027100fd878 mode 2
Event: 157.444 Thread 0x000001776778a4e0 Uncommon trap: trap_request=0xffffff45 fr.pc=0x000001772e08f818 relative=0x00000000000001b8
Event: 157.444 Thread 0x000001776778a4e0 Uncommon trap: reason=unstable_if action=reinterpret pc=0x000001772e08f818 method=com.android.tools.r8.dex.q0.a(I)Z @ 28 c2
Event: 157.444 Thread 0x000001776778a4e0 DEOPT PACKING pc=0x000001772e08f818 sp=0x000000270aafdcc0
Event: 157.444 Thread 0x000001776778a4e0 DEOPT UNPACKING pc=0x000001772c65a1a3 sp=0x000000270aafdbe0 mode 2

Classes loaded (20 events):
Event: 151.952 Loading class java/util/Collections$UnmodifiableSortedSet
Event: 151.953 Loading class java/util/Collections$UnmodifiableSortedSet done
Event: 152.191 Loading class java/util/concurrent/atomic/AtomicIntegerFieldUpdater
Event: 152.192 Loading class java/util/concurrent/atomic/AtomicIntegerFieldUpdater done
Event: 152.193 Loading class java/util/concurrent/atomic/AtomicIntegerFieldUpdater$AtomicIntegerFieldUpdaterImpl
Event: 152.193 Loading class java/util/concurrent/atomic/AtomicIntegerFieldUpdater$AtomicIntegerFieldUpdaterImpl done
Event: 152.193 Loading class java/util/concurrent/atomic/AtomicIntegerFieldUpdater$AtomicIntegerFieldUpdaterImpl$1
Event: 152.193 Loading class java/util/concurrent/atomic/AtomicIntegerFieldUpdater$AtomicIntegerFieldUpdaterImpl$1 done
Event: 152.235 Loading class java/util/concurrent/atomic/AtomicLongFieldUpdater
Event: 152.235 Loading class java/util/concurrent/atomic/AtomicLongFieldUpdater done
Event: 152.235 Loading class java/util/concurrent/atomic/AtomicLongFieldUpdater$CASUpdater
Event: 152.295 Loading class java/util/concurrent/atomic/AtomicLongFieldUpdater$CASUpdater done
Event: 152.295 Loading class java/util/concurrent/atomic/AtomicLongFieldUpdater$CASUpdater$1
Event: 152.296 Loading class java/util/concurrent/atomic/AtomicLongFieldUpdater$CASUpdater$1 done
Event: 154.212 Loading class java/util/Vector$1
Event: 154.261 Loading class java/util/Vector$1 done
Event: 154.485 Loading class java/util/concurrent/ForkJoinTask$AdaptedCallable
Event: 154.554 Loading class java/util/concurrent/ForkJoinTask$AdaptedCallable done
Event: 154.555 Loading class java/util/concurrent/ForkJoinPool$DefaultForkJoinWorkerThreadFactory$1
Event: 154.585 Loading class java/util/concurrent/ForkJoinPool$DefaultForkJoinWorkerThreadFactory$1 done

Classes unloaded (20 events):
Event: 97.843 Thread 0x000001773b2d74c0 Unloading class 0x000001773e1bb800 'jdk/internal/jimage/ImageHeader'
Event: 97.843 Thread 0x000001773b2d74c0 Unloading class 0x000001773e1badc8 'jdk/internal/jimage/BasicImageReader$2'
Event: 97.843 Thread 0x000001773b2d74c0 Unloading class 0x000001773e1bab98 'jdk/internal/jimage/BasicImageReader$1'
Event: 97.843 Thread 0x000001773b2d74c0 Unloading class 0x000001773e1ba930 'jdk/internal/jimage/ImageReader$Resource'
Event: 97.843 Thread 0x000001773b2d74c0 Unloading class 0x000001773e1ba6c8 'jdk/internal/jimage/ImageReader$LinkNode'
Event: 97.843 Thread 0x000001773b2d74c0 Unloading class 0x000001773e1ba460 'jdk/internal/jimage/ImageReader$Directory'
Event: 97.843 Thread 0x000001773b2d74c0 Unloading class 0x000001773e1ba1f8 'jdk/internal/jimage/ImageReader$Node'
Event: 97.843 Thread 0x000001773b2d74c0 Unloading class 0x000001773e1ba000 'jdk/internal/jimage/ImageStrings'
Event: 97.843 Thread 0x000001773b2d74c0 Unloading class 0x000001773e1b9b50 'jdk/internal/jimage/ImageReader$SharedImageReader'
Event: 97.843 Thread 0x000001773b2d74c0 Unloading class 0x000001773e1b9890 'jdk/internal/jimage/BasicImageReader'
Event: 97.843 Thread 0x000001773b2d74c0 Unloading class 0x000001773e1b9670 'jdk/internal/jimage/ImageReader'
Event: 97.843 Thread 0x000001773b2d74c0 Unloading class 0x000001773e1b9448 'jdk/internal/jrtfs/SystemImage$2'
Event: 97.843 Thread 0x000001773b2d74c0 Unloading class 0x000001773e1b9230 'jdk/internal/jrtfs/SystemImage$$Lambda$2807+0x000001773e1b9230'
Event: 97.843 Thread 0x000001773b2d74c0 Unloading class 0x000001773e1b9000 'jdk/internal/jrtfs/ExplodedImage'
Event: 97.843 Thread 0x000001773b2d74c0 Unloading class 0x000001773e1b8dc8 'jdk/internal/jrtfs/SystemImage$1'
Event: 97.843 Thread 0x000001773b2d74c0 Unloading class 0x000001773e1b8bb0 'jdk/internal/jrtfs/SystemImage'
Event: 97.843 Thread 0x000001773b2d74c0 Unloading class 0x000001773e1b8950 'jdk/internal/jrtfs/JrtFileStore'
Event: 97.843 Thread 0x000001773b2d74c0 Unloading class 0x000001773e1b85d8 'jdk/internal/jrtfs/JrtPath'
Event: 97.843 Thread 0x000001773b2d74c0 Unloading class 0x000001773e1b82e0 'jdk/internal/jrtfs/JrtFileSystem'
Event: 97.843 Thread 0x000001773b2d74c0 Unloading class 0x000001773e1b8000 'jdk/internal/jrtfs/JrtFileSystemProvider'

Classes redefined (0 events):
No events

Internal exceptions (20 events):
Event: 154.653 Thread 0x0000017761a87010 Exception <a 'sun/nio/fs/WindowsException'{0x00000000b3184f30}> (0x00000000b3184f30) 
thrown [s\src\hotspot\share\prims\jni.cpp, line 516]
Event: 154.734 Thread 0x0000017761a87010 Exception <a 'sun/nio/fs/WindowsException'{0x00000000b3189d48}> (0x00000000b3189d48) 
thrown [s\src\hotspot\share\prims\jni.cpp, line 516]
Event: 154.968 Thread 0x0000017761a87010 Exception <a 'sun/nio/fs/WindowsException'{0x00000000b4204750}> (0x00000000b4204750) 
thrown [s\src\hotspot\share\prims\jni.cpp, line 516]
Event: 155.036 Thread 0x0000017761a87010 Exception <a 'sun/nio/fs/WindowsException'{0x00000000b229d820}> (0x00000000b229d820) 
thrown [s\src\hotspot\share\prims\jni.cpp, line 516]
Event: 155.176 Thread 0x0000017761a87010 Exception <a 'sun/nio/fs/WindowsException'{0x00000000b3345830}> (0x00000000b3345830) 
thrown [s\src\hotspot\share\prims\jni.cpp, line 516]
Event: 155.269 Thread 0x0000017761a87010 Exception <a 'sun/nio/fs/WindowsException'{0x00000000b3348850}> (0x00000000b3348850) 
thrown [s\src\hotspot\share\prims\jni.cpp, line 516]
Event: 155.443 Thread 0x0000017761a87010 Exception <a 'sun/nio/fs/WindowsException'{0x00000000b334b870}> (0x00000000b334b870) 
thrown [s\src\hotspot\share\prims\jni.cpp, line 516]
Event: 155.523 Thread 0x0000017761a87010 Exception <a 'sun/nio/fs/WindowsException'{0x00000000b334f040}> (0x00000000b334f040) 
thrown [s\src\hotspot\share\prims\jni.cpp, line 516]
Event: 155.626 Thread 0x0000017761a87010 Exception <a 'sun/nio/fs/WindowsException'{0x00000000b3352188}> (0x00000000b3352188) 
thrown [s\src\hotspot\share\prims\jni.cpp, line 516]
Event: 155.752 Thread 0x0000017761a87010 Exception <a 'sun/nio/fs/WindowsException'{0x00000000b3354bd0}> (0x00000000b3354bd0) 
thrown [s\src\hotspot\share\prims\jni.cpp, line 516]
Event: 155.842 Thread 0x0000017761a87010 Exception <a 'sun/nio/fs/WindowsException'{0x00000000a9444870}> (0x00000000a9444870) 
thrown [s\src\hotspot\share\prims\jni.cpp, line 516]
Event: 156.151 Thread 0x0000017761a87010 Exception <a 'sun/nio/fs/WindowsException'{0x00000000a9451b50}> (0x00000000a9451b50) 
thrown [s\src\hotspot\share\prims\jni.cpp, line 516]
Event: 156.334 Thread 0x0000017761a87010 Exception <a 'sun/nio/fs/WindowsException'{0x00000000b3a0a7b8}> (0x00000000b3a0a7b8) 
thrown [s\src\hotspot\share\prims\jni.cpp, line 516]
Event: 156.375 Thread 0x0000017761a87010 Exception <a 'sun/nio/fs/WindowsException'{0x00000000b3a0d980}> (0x00000000b3a0d980) 
thrown [s\src\hotspot\share\prims\jni.cpp, line 516]
Event: 156.677 Thread 0x0000017761a87010 Exception <a 'sun/nio/fs/WindowsException'{0x00000000b0dd0858}> (0x00000000b0dd0858) 
thrown [s\src\hotspot\share\prims\jni.cpp, line 516]
Event: 156.713 Thread 0x0000017761a87010 Exception <a 'sun/nio/fs/WindowsException'{0x00000000b0dd39c8}> (0x00000000b0dd39c8) 
thrown [s\src\hotspot\share\prims\jni.cpp, line 516]
Event: 156.803 Thread 0x0000017761a87010 Exception <a 'sun/nio/fs/WindowsException'{0x00000000b0dd71a8}> (0x00000000b0dd71a8) 
thrown [s\src\hotspot\share\prims\jni.cpp, line 516]
Event: 156.896 Thread 0x0000017761a87010 Exception <a 'sun/nio/fs/WindowsException'{0x00000000ae1bd6b8}> (0x00000000ae1bd6b8) 
thrown [s\src\hotspot\share\prims\jni.cpp, line 516]
Event: 157.040 Thread 0x0000017761a87010 Exception <a 'sun/nio/fs/WindowsException'{0x00000000ae1c0888}> (0x00000000ae1c0888) 
thrown [s\src\hotspot\share\prims\jni.cpp, line 516]
Event: 157.141 Thread 0x0000017761a87010 Exception <a 'sun/nio/fs/WindowsException'{0x00000000ae1c3a58}> (0x00000000ae1c3a58) 
thrown [s\src\hotspot\share\prims\jni.cpp, line 516]

VM Operations (20 events):
Event: 154.554 Executing VM operation: Cleanup done
Event: 154.701 Executing VM operation: HandshakeAllThreads
Event: 154.709 Executing VM operation: HandshakeAllThreads done
Event: 154.709 Executing VM operation: HandshakeAllThreads
Event: 154.714 Executing VM operation: HandshakeAllThreads done
Event: 154.774 Executing VM operation: G1CollectForAllocation
Event: 154.867 Executing VM operation: G1CollectForAllocation done
Event: 154.901 Executing VM operation: HandshakeAllThreads
Event: 154.912 Executing VM operation: HandshakeAllThreads done
Event: 154.912 Executing VM operation: G1CollectForAllocation
Event: 154.968 Executing VM operation: G1CollectForAllocation done
Event: 155.061 Executing VM operation: G1CollectForAllocation
Event: 155.087 Executing VM operation: G1CollectForAllocation done
Event: 155.950 Executing VM operation: HandshakeAllThreads
Event: 155.951 Executing VM operation: HandshakeAllThreads done
Event: 156.176 Executing VM operation: G1CollectForAllocation
Event: 156.260 Executing VM operation: G1CollectForAllocation done
Event: 157.270 Executing VM operation: Cleanup
Event: 157.270 Executing VM operation: Cleanup done
Event: 157.452 Executing VM operation: G1CollectForAllocation

Memory protections (0 events):
No events

Nmethod flushes (20 events):
Event: 156.009 Thread 0x000001773ba996f0 flushing  nmethod 0x0000017727e08e10
Event: 156.009 Thread 0x000001773ba996f0 flushing  nmethod 0x0000017727e0a810
Event: 156.009 Thread 0x000001773ba996f0 flushing  nmethod 0x0000017727e3a510
Event: 156.009 Thread 0x000001773ba996f0 flushing  nmethod 0x0000017727e46e90
Event: 156.009 Thread 0x000001773ba996f0 flushing  nmethod 0x0000017727e47510
Event: 156.009 Thread 0x000001773ba996f0 flushing  nmethod 0x0000017727e47f90
Event: 156.009 Thread 0x000001773ba996f0 flushing  nmethod 0x0000017727e4a590
Event: 156.009 Thread 0x000001773ba996f0 flushing  nmethod 0x0000017727e6ce90
Event: 156.009 Thread 0x000001773ba996f0 flushing  nmethod 0x0000017727e71090
Event: 156.009 Thread 0x000001773ba996f0 flushing  nmethod 0x0000017727e88e90
Event: 156.009 Thread 0x000001773ba996f0 flushing  nmethod 0x0000017727e90590
Event: 156.009 Thread 0x000001773ba996f0 flushing  nmethod 0x0000017727e90b10
Event: 156.009 Thread 0x000001773ba996f0 flushing  nmethod 0x0000017727e98210
Event: 156.009 Thread 0x000001773ba996f0 flushing  nmethod 0x0000017727eb5c90
Event: 156.009 Thread 0x000001773ba996f0 flushing  nmethod 0x0000017727ec3090
Event: 156.009 Thread 0x000001773ba996f0 flushing  nmethod 0x0000017727eca910
Event: 156.009 Thread 0x000001773ba996f0 flushing  nmethod 0x0000017727ecaf90
Event: 156.009 Thread 0x000001773ba996f0 flushing  nmethod 0x0000017727ecb510
Event: 156.009 Thread 0x000001773ba996f0 flushing  nmethod 0x0000017727edc210
Event: 156.009 Thread 0x000001773ba996f0 flushing  nmethod 0x0000017727edef10

Events (20 events):
Event: 100.104 Thread 0x000001775e350540 Thread exited: 0x000001775e350540
Event: 100.104 Thread 0x000001775e350a50 Thread exited: 0x000001775e350a50
Event: 100.113 Thread 0x000001775e34fb20 Thread exited: 0x000001775e34fb20
Event: 128.300 Thread 0x000001775e34f100 Thread exited: 0x000001775e34f100
Event: 148.494 Thread 0x0000017769719070 Thread exited: 0x0000017769719070
Event: 148.555 Thread 0x000001773ba90dd0 Thread added: 0x0000017761e90ba0
Event: 149.351 Thread 0x0000017761e90ba0 Thread exited: 0x0000017761e90ba0
Event: 149.367 Thread 0x0000017761e8f660 Thread exited: 0x0000017761e8f660
Event: 150.034 Thread 0x000001773b2ffa70 Thread added: 0x00000177677accd0
Event: 151.242 Thread 0x0000017761a88450 Thread added: 0x000001776778a4e0
Event: 153.888 Thread 0x000001773b2ffa70 Thread added: 0x0000017775f11c70
Event: 153.918 Thread 0x0000017761a85bd0 Thread exited: 0x0000017761a85bd0
Event: 154.586 Thread 0x000001776778a4e0 Thread added: 0x0000017766c4d440
Event: 154.587 Thread 0x0000017766c4d440 Thread added: 0x0000017761a88960
Event: 154.588 Thread 0x0000017761a88960 Thread added: 0x000001776ce27580
Event: 154.588 Thread 0x000001776ce27580 Thread added: 0x0000017766c4d950
Event: 154.590 Thread 0x0000017766c4d950 Thread added: 0x000001776ce27a90
Event: 154.592 Thread 0x000001776ce27a90 Thread added: 0x000001776ce27fa0
Event: 154.598 Thread 0x000001776ce27fa0 Thread added: 0x0000017766455940
Event: 154.632 Thread 0x0000017766455940 Thread added: 0x0000017766c501d0


Dynamic libraries:
0x00007ff7568f0000 - 0x00007ff7568fe000 	C:\Program Files\Microsoft\jdk-17.0.14.7-hotspot\bin\java.exe
0x00007ffabb140000 - 0x00007ffabb3a6000 	C:\WINDOWS\SYSTEM32\ntdll.dll
0x00007ffaba580000 - 0x00007ffaba649000 	C:\WINDOWS\System32\KERNEL32.DLL
0x00007ffab87e0000 - 0x00007ffab8bda000 	C:\WINDOWS\System32\KERNELBASE.dll
0x00007ffab8510000 - 0x00007ffab865c000 	C:\WINDOWS\System32\ucrtbase.dll
0x00007ffa83aa0000 - 0x00007ffa83ab7000 	C:\Program Files\Microsoft\jdk-17.0.14.7-hotspot\bin\jli.dll
0x00007ffaa5bd0000 - 0x00007ffaa5bed000 	C:\Program Files\Microsoft\jdk-17.0.14.7-hotspot\bin\VCRUNTIME140.dll
0x00007ffaba110000 - 0x00007ffaba2d7000 	C:\WINDOWS\System32\USER32.dll
0x00007ffab8d10000 - 0x00007ffab8d37000 	C:\WINDOWS\System32\win32u.dll
0x00007ffaa18f0000 - 0x00007ffaa1b82000 	C:\WINDOWS\WinSxS\amd64_microsoft.windows.common-controls_6595b64144ccf1df_6.0.26100.8521_none_3e08b75ce33403b3\COMCTL32.dll
0x00007ffab92a0000 - 0x00007ffab9349000 	C:\WINDOWS\System32\msvcrt.dll
0x00007ffab95c0000 - 0x00007ffab95eb000 	C:\WINDOWS\System32\GDI32.dll
0x00007ffab8be0000 - 0x00007ffab8d0b000 	C:\WINDOWS\System32\gdi32full.dll
0x00007ffab83d0000 - 0x00007ffab8473000 	C:\WINDOWS\System32\msvcp_win.dll
0x00007ffaba8d0000 - 0x00007ffaba902000 	C:\WINDOWS\System32\IMM32.DLL
0x00007ffaa68b0000 - 0x00007ffaa68bc000 	C:\Program Files\Microsoft\jdk-17.0.14.7-hotspot\bin\vcruntime140_1.dll
0x00007ffa7fb90000 - 0x00007ffa7fc1d000 	C:\Program Files\Microsoft\jdk-17.0.14.7-hotspot\bin\msvcp140.dll
0x00007ff9e78a0000 - 0x00007ff9e8512000 	C:\Program Files\Microsoft\jdk-17.0.14.7-hotspot\bin\server\jvm.dll
0x00007ffab8fc0000 - 0x00007ffab9076000 	C:\WINDOWS\System32\ADVAPI32.dll
0x00007ffab9100000 - 0x00007ffab91aa000 	C:\WINDOWS\System32\sechost.dll
0x00007ffaba910000 - 0x00007ffabaa28000 	C:\WINDOWS\System32\RPCRT4.dll
0x00007ffab9350000 - 0x00007ffab93d0000 	C:\WINDOWS\System32\WS2_32.dll
0x00007ffab8230000 - 0x00007ffab828e000 	C:\WINDOWS\SYSTEM32\POWRPROF.dll
0x00007ffaa6ce0000 - 0x00007ffaa6ceb000 	C:\WINDOWS\SYSTEM32\VERSION.dll
0x00007ffaa1b90000 - 0x00007ffaa1bc6000 	C:\WINDOWS\SYSTEM32\WINMM.dll
0x00007ffab8210000 - 0x00007ffab8224000 	C:\WINDOWS\SYSTEM32\UMPDC.dll
0x00007ffab7140000 - 0x00007ffab715b000 	C:\WINDOWS\SYSTEM32\kernel.appcore.dll
0x00007ffa94f00000 - 0x00007ffa94f0a000 	C:\Program Files\Microsoft\jdk-17.0.14.7-hotspot\bin\jimage.dll
0x00007ffab58e0000 - 0x00007ffab5b22000 	C:\WINDOWS\SYSTEM32\DBGHELP.DLL
0x00007ffab9d80000 - 0x00007ffaba103000 	C:\WINDOWS\System32\combase.dll
0x00007ffab93e0000 - 0x00007ffab94b9000 	C:\WINDOWS\System32\OLEAUT32.dll
0x00007ffaa5d60000 - 0x00007ffaa5d9b000 	C:\WINDOWS\SYSTEM32\dbgcore.DLL
0x00007ffab8e00000 - 0x00007ffab8ea8000 	C:\WINDOWS\System32\bcryptPrimitives.dll
0x00007ffaa50a0000 - 0x00007ffaa50ae000 	C:\Program Files\Microsoft\jdk-17.0.14.7-hotspot\bin\instrument.dll
0x00007ffa7fb60000 - 0x00007ffa7fb85000 	C:\Program Files\Microsoft\jdk-17.0.14.7-hotspot\bin\java.dll
0x00007ffa7fa80000 - 0x00007ffa7fb57000 	C:\Program Files\Microsoft\jdk-17.0.14.7-hotspot\bin\jsvml.dll
0x00007ffab95f0000 - 0x00007ffab9d74000 	C:\WINDOWS\System32\SHELL32.dll
0x00007ffab5f60000 - 0x00007ffab67e0000 	C:\WINDOWS\SYSTEM32\windows.storage.dll
0x00007ffab8ec0000 - 0x00007ffab8fb6000 	C:\WINDOWS\System32\SHCORE.dll
0x00007ffab94c0000 - 0x00007ffab9527000 	C:\WINDOWS\System32\shlwapi.dll
0x00007ffab82f0000 - 0x00007ffab8319000 	C:\WINDOWS\SYSTEM32\profapi.dll
0x00007ffa7f650000 - 0x00007ffa7f668000 	C:\Program Files\Microsoft\jdk-17.0.14.7-hotspot\bin\zip.dll
0x00007ffa7fa60000 - 0x00007ffa7fa7a000 	C:\Program Files\Microsoft\jdk-17.0.14.7-hotspot\bin\net.dll
0x00007ffaaff50000 - 0x00007ffab0079000 	C:\WINDOWS\SYSTEM32\WINHTTP.dll
0x00007ffab76d0000 - 0x00007ffab773c000 	C:\WINDOWS\system32\mswsock.dll
0x00007ffa7f670000 - 0x00007ffa7f686000 	C:\Program Files\Microsoft\jdk-17.0.14.7-hotspot\bin\nio.dll
0x00007ffa7fa50000 - 0x00007ffa7fa60000 	C:\Program Files\Microsoft\jdk-17.0.14.7-hotspot\bin\verify.dll
0x00007ffa88060000 - 0x00007ffa88087000 	C:\Users\87284\.gradle\native\660c5614fbf4a5f2a75b1949f50a0caf5cd603558e7d8a26e50b933a0cfb79d1\windows-amd64\native-platform.dll
0x00007ffa68960000 - 0x00007ffa689d7000 	C:\Users\87284\.gradle\native\0.2.8\x86_64-windows-gnu\gradle-fileevents.dll
0x00007ffa94d50000 - 0x00007ffa94d5a000 	C:\Program Files\Microsoft\jdk-17.0.14.7-hotspot\bin\management.dll
0x00007ffa8ad00000 - 0x00007ffa8ad0b000 	C:\Program Files\Microsoft\jdk-17.0.14.7-hotspot\bin\management_ext.dll
0x00007ffababa0000 - 0x00007ffababa8000 	C:\WINDOWS\System32\PSAPI.DLL
0x00007ffab6b10000 - 0x00007ffab6b43000 	C:\WINDOWS\SYSTEM32\IPHLPAPI.DLL
0x00007ffab8eb0000 - 0x00007ffab8eba000 	C:\WINDOWS\System32\NSI.dll
0x00007ffab0290000 - 0x00007ffab02ad000 	C:\WINDOWS\SYSTEM32\dhcpcsvc6.DLL
0x00007ffab0260000 - 0x00007ffab0285000 	C:\WINDOWS\SYSTEM32\dhcpcsvc.DLL
0x00007ffab6b50000 - 0x00007ffab6c9a000 	C:\WINDOWS\SYSTEM32\DNSAPI.dll
0x00007ffab74f0000 - 0x00007ffab74fd000 	C:\WINDOWS\SYSTEM32\DSPARSE.dll
0x00007ffa839b0000 - 0x00007ffa839b9000 	C:\Program Files\Microsoft\jdk-17.0.14.7-hotspot\bin\extnet.dll
0x00007ffab79b0000 - 0x00007ffab79cb000 	C:\WINDOWS\SYSTEM32\CRYPTSP.dll
0x00007ffab7090000 - 0x00007ffab70c9000 	C:\WINDOWS\system32\rsaenh.dll
0x00007ffab7780000 - 0x00007ffab77b3000 	C:\WINDOWS\SYSTEM32\USERENV.dll
0x00007ffab82c0000 - 0x00007ffab82ea000 	C:\WINDOWS\SYSTEM32\bcrypt.dll
0x00007ffab79d0000 - 0x00007ffab79dc000 	C:\WINDOWS\SYSTEM32\CRYPTBASE.dll
0x00007ffaa5090000 - 0x00007ffaa509e000 	C:\Program Files\Microsoft\jdk-17.0.14.7-hotspot\bin\sunmscapi.dll
0x00007ffab8660000 - 0x00007ffab87d8000 	C:\WINDOWS\System32\CRYPT32.dll
0x00007ffab7bd0000 - 0x00007ffab7c00000 	C:\WINDOWS\SYSTEM32\ncrypt.dll
0x00007ffab7b80000 - 0x00007ffab7bbf000 	C:\WINDOWS\SYSTEM32\NTASN1.dll
0x00007ffa6abe0000 - 0x00007ffa6abe8000 	C:\WINDOWS\system32\wshunix.dll
0x00007ffab7260000 - 0x00007ffab7296000 	C:\WINDOWS\SYSTEM32\ntmarta.dll

dbghelp: loaded successfully - version: 4.0.5 - missing functions: none
symbol engine: initialized successfully - sym options: 0x614 - pdb path: .;C:\Program Files\Microsoft\jdk-17.0.14.7-hotspot\bin;C:\WINDOWS\SYSTEM32;C:\WINDOWS\WinSxS\amd64_microsoft.windows.common-controls_6595b64144ccf1df_6.0.26100.8521_none_3e08b75ce33403b3;C:\Program Files\Microsoft\jdk-17.0.14.7-hotspot\bin\server;C:\Users\87284\.gradle\native\660c5614fbf4a5f2a75b1949f50a0caf5cd603558e7d8a26e50b933a0cfb79d1\windows-amd64;C:\Users\87284\.gradle\native\0.2.8\x86_64-windows-gnu

VM Arguments:
jvm_args: --add-opens=java.base/java.lang=ALL-UNNAMED --add-opens=java.base/java.lang.invoke=ALL-UNNAMED --add-opens=java.base/java.util=ALL-UNNAMED --add-opens=java.prefs/java.util.prefs=ALL-UNNAMED --add-exports=jdk.compiler/com.sun.tools.javac.api=ALL-UNNAMED --add-exports=jdk.compiler/com.sun.tools.javac.util=ALL-UNNAMED --add-opens=java.base/java.util=ALL-UNNAMED --add-opens=java.prefs/java.util.prefs=ALL-UNNAMED --add-opens=java.base/java.nio.charset=ALL-UNNAMED --add-opens=java.base/java.net=ALL-UNNAMED --add-opens=java.base/java.util.concurrent=ALL-UNNAMED --add-opens=java.base/java.util.concurrent.atomic=ALL-UNNAMED --add-opens=java.xml/javax.xml.namespace=ALL-UNNAMED --add-opens=java.base/java.time=ALL-UNNAMED -XX:MaxMetaspaceSize=512m -Xmx2048m -Dfile.encoding=windows-1252 -Duser.country=BR -Duser.language=pt -Duser.variant -javaagent:C:\Users\87284\.gradle\wrapper\dists\gradle-9.3.1-bin\23ovyewtku6u96viwx3xl3oks\gradle-9.3.1\lib\agents\gradle-instrumentation-agent-9.3.1.jar 
java_command: org.gradle.launcher.daemon.bootstrap.GradleDaemon 9.3.1
java_class_path (initial): C:\Users\87284\.gradle\wrapper\dists\gradle-9.3.1-bin\23ovyewtku6u96viwx3xl3oks\gradle-9.3.1\lib\gradle-daemon-main-9.3.1.jar
Launcher Type: SUN_STANDARD

[Global flags]
     intx CICompilerCount                          = 4                                         {product} {ergonomic}
   size_t CompressedClassSpaceSize                 = 436207616                                 {product} {ergonomic}
     uint ConcGCThreads                            = 2                                         {product} {ergonomic}
     uint G1ConcRefinementThreads                  = 8                                         {product} {ergonomic}
   size_t G1HeapRegionSize                         = 1048576                                   {product} {ergonomic}
    uintx GCDrainStackTargetSize                   = 64                                        {product} {ergonomic}
   size_t InitialHeapSize                          = 130023424                                 {product} {ergonomic}
   size_t MarkStackSize                            = 4194304                                   {product} {ergonomic}
   size_t MaxHeapSize                              = 2147483648                                {product} {command line}
   size_t MaxMetaspaceSize                         = 536870912                                 {product} {command line}
   size_t MaxNewSize                               = 1287651328                                {product} {ergonomic}
   size_t MinHeapDeltaBytes                        = 1048576                                   {product} {ergonomic}
   size_t MinHeapSize                              = 8388608                                   {product} {ergonomic}
    uintx NonNMethodCodeHeapSize                   = 5839372                                {pd product} {ergonomic}
    uintx NonProfiledCodeHeapSize                  = 122909434                              {pd product} {ergonomic}
    uintx ProfiledCodeHeapSize                     = 122909434                              {pd product} {ergonomic}
    uintx ReservedCodeCacheSize                    = 251658240                              {pd product} {ergonomic}
     bool SegmentedCodeCache                       = true                                      {product} {ergonomic}
   size_t SoftMaxHeapSize                          = 2147483648                             {manageable} {ergonomic}
     bool UseCompressedClassPointers               = true                           {product lp64_product} {ergonomic}
     bool UseCompressedOops                        = true                           {product lp64_product} {ergonomic}
     bool UseG1GC                                  = true                                      {product} {ergonomic}
     bool UseLargePagesIndividualAllocation        = false                                  {pd product} {ergonomic}

Logging:
Log output configuration:
 #0: stdout all=warning uptime,level,tags
 #1: stderr all=off uptime,level,tags

Environment Variables:
JAVA_HOME=C:\Program Files\Microsoft\jdk-17.0.14.7-hotspot
PATH=C:\Users\87284\Documents\IndoorPlayer\node_modules\.bin;C:\Users\87284\Documents\IndoorPlayer\node_modules\.bin;C:\Users\87284\Documents\node_modules\.bin;C:\Users\87284\node_modules\.bin;C:\Users\node_modules\.bin;C:\node_modules\.bin;C:\Program Files\nodejs\node_modules\npm\node_modules\@npmcli\run-script\lib\node-gyp-bin;C:\Users\87284\bin;C:\Program Files\Git\mingw64\bin;C:\Program Files\Git\usr\local\bin;C:\Program Files\Git\usr\bin;C:\Program Files\Git\usr\bin;C:\Program Files\Git\mingw64\bin;C:\Program Files\Git\usr\bin;C:\Users\87284\bin;C:\Users\87284\AppData\Roaming\Code\User\globalStorage\github.copilot-chat\debugCommand;C:\Users\87284\AppData\Roaming\Code\User\globalStorage\github.copilot-chat\copilotCli;C:\Program Files\Microsoft\jdk-17.0.14.7-hotspot\bin;C:\Program Files (x86)\Common Files\Oracle\Java\javapath;C:\WINDOWS\system32;C:\WINDOWS;C:\WINDOWS\System32\Wbem;C:\WINDOWS\System32\WindowsPowerShell\v1.0;C:\WINDOWS\System32\OpenSSH;C:\Program Files\PuTTY;C:\ProgramData\chocolatey\bin;C:\Program Files\dotnet;C:\Program Files\Git\cmd;C:\Program Files\nodejs;C:\Program Files (x86)\Yarn\bin;C:\Users\87284\AppData\Local\Programs\Python\Python310\Scripts;C:\Users\87284\AppData\Local\Programs\Python\Python310;C:\Users\87284\AppData\Local\Microsoft\WindowsApps;C:\Users\87284\AppData\Local\Programs\Microsoft VS Code\bin;C:\Users\87284\AppData\Local\GitHubDesktop\bin;C:\Users\87284\AppData\Roaming\npm;C:\Users\87284\AppData\Local\Yarn\bin;C:\Program Files\Microsoft\jdk-17.0.14.7-hotspot\bin;C:\Users\87284\.vscode\extensions\vscjava.vscode-java-debug-0.59.0\bundled\scripts\noConfigScripts;C:\Program Files\Git\usr\bin\vendor_perl;C:\Program Files\Git\usr\bin\core_perl
USERNAME=87284
SHELL=C:\Program Files\Git\usr\bin\bash.exe
DISPLAY=needs-to-be-defined
LANG=en_US.UTF-8
TERM=xterm-256color
TMPDIR=C:\Users\87284\AppData\Local\Temp
OS=Windows_NT
PROCESSOR_IDENTIFIER=Intel64 Family 6 Model 140 Stepping 1, GenuineIntel
TMP=C:\Users\87284\AppData\Local\Temp
TEMP=C:\Users\87284\AppData\Local\Temp



Periodic native trim disabled


---------------  S Y S T E M  ---------------

OS:
 Windows 11 , 64 bit Build 26100 (10.0.26100.8521)
OS uptime: 13 days 17:38 hours
Hyper-V role detected

CPU: total 8 (initial active 8) (4 cores per cpu, 2 threads per core) family 6 model 140 stepping 1 microcode 0x8a, cx8, cmov, fxsr, ht, mmx, 3dnowpref, sse, sse2, sse3, ssse3, sse4.1, sse4.2, popcnt, lzcnt, tsc, tscinvbit, avx, avx2, aes, erms, clmul, bmi1, bmi2, adx, avx512f, avx512dq, avx512cd, avx512bw, avx512vl, sha, fma, vzeroupper, avx512_vpopcntdq, avx512_vpclmulqdq, avx512_vaes, avx512_vnni, clflush, clflushopt, clwb, avx512_vbmi2, avx512_vbmi, hv
Processor Information for the first 8 processors :
  Max Mhz: 2419, Current Mhz: 2419, Mhz Limit: 2419

Memory: 4k page, system-wide physical 7915M (729M free)
TotalPageFile size 17066M (AvailPageFile size 36M)
current process WorkingSet (physical memory assigned to process): 1144M, peak: 1266M
current process commit charge ("private bytes"): 1445M, peak: 1763M

vm_info: OpenJDK 64-Bit Server VM (17.0.14+7-LTS) for windows-amd64 JRE (17.0.14+7-LTS), built on Jan  8 2025 23:39:28 by "MicrosoftCorporation" with unknown MS VC++:1939

END.
